Player,Year,Quarter,Min,TEAM,AGE,GP,W,L,MIN,PTS,FGM,FGA,FG%,3PM,3PA,3P%,FTM,FTA,FT%,OREB,DREB,REB,AST,TOV,STL,BLK,PF,FP,DD2,TD3,+/-,,,
K. Leonard,2019,4,5,TOR,27,7,3,4,11,12,5,8,62.5,1,4,25,1,1,100,0,2,2,1,1,0,0,0,14.9,1,0,10,,,
K. Leonard,2019,4,4,TOR,27,7,3,4,10,12,5,8,62.5,1,4,25,1,1,100,0,2,2,1,0,0,0,0,15.9,1,0,8,,,
K. Leonard,2019,4,3,TOR,27,7,3,4,7,11,5,8,62.5,1,4,25,0,0,0,0,1,1,1,0,0,0,0,13.7,1,0,6,,,
K. Leonard,2019,4,2,TOR,27,6,2,4,4,9,4,5,80,1,2,50,0,0,0,0,1,1,0,0,0,0,0,10.2,1,0,-3,,,
K. Leonard,2019,4,1,TOR,27,5,2,3,2,2,1,2,50,0,1,0,0,0,0,0,0,0,0,0,0,0,0,2,1,0,-5,,,
K. Leonard,2019,4,0.5,TOR,27,5,2,3,2,2,1,2,50,0,1,0,0,0,0,0,0,0,0,0,0,0,0,2,1,0,-7,,,
K. Leonard,2017,4,5,SAS,26,3,2,1,6,11,4,7,57.1,2,3,66.7,1,1,100,0,1,1,1,0,1,0,0,16.7,1,0,15,,,
K. Leonard,2017,4,4,SAS,26,3,2,1,5,11,4,6,66.7,2,2,100,1,1,100,0,1,1,1,0,1,0,0,16.7,1,0,17,,,
K. Leonard,2017,4,3,SAS,26,3,2,1,4,11,4,6,66.7,2,2,100,1,1,100,0,1,1,1,0,0,0,0,13.7,1,0,12,,,
K. Leonard,2017,4,2,SAS,26,2,1,1,2,5,2,4,50,1,1,100,0,0,0,0,1,1,0,0,0,0,0,6.2,1,0,7,,,
K. Leonard,2017,4,1,SAS,26,2,1,1,1,5,2,3,66.7,1,1,100,0,0,0,0,0,0,0,0,0,0,0,5,1,0,5,,,
K. Leonard,2017,4,0.5,SAS,26,1,0,1,0,2,1,2,50,0,0,0,0,0,0,0,0,0,0,0,0,0,0,2,0,0,2,,,
K. Leonard,2016,4,5,SAS,25,3,1,2,5,2,0,1,0,0,1,0,2,2,100,0,0,0,0,0,0,0,1,2,1,0,-8,,,
K. Leonard,2016,4,4,SAS,25,2,0,2,4,0,0,1,0,0,1,0,0,0,0,0,0,0,0,0,0,0,1,0,0,0,-10,,,
K. Leonard,2016,4,3,SAS,25,2,0,2,4,0,0,1,0,0,1,0,0,0,0,0,0,0,0,0,0,0,1,0,0,0,-8,,,
K. Leonard,2016,4,2,SAS,25,2,0,2,3,0,0,1,0,0,1,0,0,0,0,0,0,0,0,0,0,0,1,0,0,0,-6,,,
K. Leonard,2016,4,1,SAS,25,2,0,2,2,0,0,1,0,0,1,0,0,0,0,0,0,0,0,0,0,0,1,0,0,0,-6,,,
K. Leonard,2016,4,0.5,SAS,25,2,0,2,1,0,0,0,0,0,0,0,0,0,0,0,0,0,0,0,0,0,1,0,0,0,-3,,,
K. Leonard,2015,4,5,SAS,24,3,1,2,6,0,0,3,0,0,1,0,0,0,0,0,0,0,0,0,0,0,0,0,1,0,0,,,
K. Leonard,2015,4,4,SAS,24,3,1,2,5,0,0,3,0,0,1,0,0,0,0,0,0,0,0,0,0,0,0,0,1,0,-4,,,
K. Leonard,2015,4,3,SAS,24,3,1,2,5,0,0,3,0,0,1,0,0,0,0,0,0,0,0,0,0,0,0,0,1,0,-2,,,
K. Leonard,2015,4,2,SAS,24,3,1,2,5,0,0,3,0,0,1,0,0,0,0,0,0,0,0,0,0,0,0,0,1,0,-2,,,
K. Leonard,2015,4,1,SAS,24,3,1,2,4,0,0,3,0,0,1,0,0,0,0,0,0,0,0,0,0,0,0,0,1,0,-6,,,
K. Leonard,2015,4,0.5,SAS,24,3,1,2,1,0,0,0,0,0,0,0,0,0,0,0,0,0,0,0,0,0,0,0,1,0,-4,,,
K. Leonard,2014,4,5,SAS,23,6,3,3,9,3,1,2,50,1,1,100,0,0,0,0,0,0,1,0,0,0,1,4.5,2,0,20,,,
K. Leonard,2014,4,4,SAS,23,6,3,3,6,3,1,2,50,1,1,100,0,0,0,0,0,0,1,0,0,0,1,4.5,2,0,11,,,
K. Leonard,2014,4,3,,,,,,,,,,,,,,,,,,,,,,,,,,,,,,,
K. Leonard,2014,4,2,,,,,,,,,,,,,,,,,,,,,,,,,,,,,,,
K. Leonard,2014,4,1,,,,,,,,,,,,,,,,,,,,,,,,,,,,,,,
K. Leonard,2014,4,0.5,,,,,,,,,,,,,,,,,,,,,,,,,,,,,,,
K. Leonard,2013,4,0.5,SAS,22,6,3,3,10,0,0,1,0,0,1,0,0,0,0,0,1,1,0,0,0,0,0,1.2,2,0,3,,,
K. Leonard,2013,4,5,SAS,22,6,3,3,8,0,0,1,0,0,1,0,0,0,0,0,1,1,0,0,0,0,0,1.2,2,0,3,,,
K. Leonard,2013,4,4,SAS,22,6,3,3,7,0,0,1,0,0,1,0,0,0,0,0,0,0,0,0,0,0,0,0,2,0,6,,,
K. Leonard,2013,4,3,,,,,,,,,,,,,,,,,,,,,,,,,,,,,,,
K. Leonard,2013,4,2,,,,,,,,,,,,,,,,,,,,,,,,,,,,,,,
K. Leonard,2013,4,1,,,,,,,,,,,,,,,,,,,,,,,,,,,,,,,
K. Leonard,2013,4,0.5,,,,,,,,,,,,,,,,,,,,,,,,,,,,,,,
K. Leonard,2019,OT1,5,TOR,27,1,1,0,2,0,0,3,0,0,0,0,0,0,0,0,0,0,0,0,0,0,0,0,0,0,5,,,
K. Leonard,2019,OT1,4,TOR,27,1,1,0,1,0,0,2,0,0,0,0,0,0,0,0,0,0,0,0,0,0,0,0,0,0,5,,,
K. Leonard,2019,OT1,3,TOR,27,1,1,0,1,0,0,2,0,0,0,0,0,0,0,0,0,0,0,0,0,0,0,0,0,0,2,,,
K. Leonard,2019,OT1,2,TOR,27,1,1,0,0,0,0,1,0,0,0,0,0,0,0,0,0,0,0,0,0,0,0,0,0,0,0,,,
K. Leonard,2019,OT1,1,TOR,27,1,1,0,0,0,0,1,0,0,0,0,0,0,0,0,0,0,0,0,0,0,0,0,0,0,0,,,
K. Leonard,2019,OT1,0.5,TOR,27,1,1,0,0,0,0,1,0,0,0,0,0,0,0,0,0,0,0,0,0,0,0,0,0,0,0,,,
K. Leonard,2017,OT1,5,SAS,26,1,0,1,4,5,2,4,50,1,2,50,0,0,0,0,0,0,0,1,0,0,1,4,0,0,-3,,,
K. Leonard,2017,OT1,4,SAS,26,1,0,1,4,5,2,4,50,1,2,50,0,0,0,0,0,0,0,1,0,0,1,4,0,0,-1,,,
K. Leonard,2017,OT1,3,SAS,26,1,0,1,2,5,2,3,66.7,1,1,100,0,0,0,0,0,0,0,1,0,0,1,4,0,0,-3,,,
K. Leonard,2017,OT1,2,SAS,26,1,0,1,1,3,1,2,50,1,1,100,0,0,0,0,0,0,0,1,0,0,1,2,0,0,-5,,,
K. Leonard,2017,OT1,1,SAS,26,1,0,1,1,3,1,1,100,1,1,100,0,0,0,0,0,0,0,1,0,0,1,2,0,0,-4,,,
K. Leonard,2017,OT1,0.5,SAS,26,1,0,1,0,3,1,1,100,1,1,100,0,0,0,0,0,0,0,0,0,0,0,3,0,0,-1,,,
K. Leonard,2014,OT1,5,SAS,23,1,1,0,3,0,0,1,0,0,0,0,0,0,0,0,0,0,0,0,0,0,1,0,1,0,3,,,
K. Leonard,2014,OT1,4,,,,,,,,,,,,,,,,,,,,,,,,,,,,,,,
K. Leonard,2014,OT1,3,,,,,,,,,,,,,,,,,,,,,,,,,,,,,,,
K. Leonard,2014,OT1,2,,,,,,,,,,,,,,,,,,,,,,,,,,,,,,,
K. Leonard,2014,OT1,1,,,,,,,,,,,,,,,,,,,,,,,,,,,,,,,
K. Leonard,2014,OT1,0.5,,,,,,,,,,,,,,,,,,,,,,,,,,,,,,,
K. Leonard,2013,OT1,5,SAS,22,5,3,2,9,6,3,4,75,0,0,0,0,0,0,0,4,4,0,0,0,0,0,10.8,1,0,8,,,
K. Leonard,2013,OT1,4,SAS,22,3,2,1,6,4,2,3,66.7,0,0,0,0,0,0,0,3,3,0,0,0,0,0,7.6,1,0,9,,,
K. Leonard,2013,OT1,3,SAS,22,3,2,1,4,2,1,2,50,0,0,0,0,0,0,0,3,3,0,0,0,0,0,5.6,1,0,7,,,
K. Leonard,2013,OT1,2,SAS,22,2,1,1,2,2,1,2,50,0,0,0,0,0,0,0,2,2,0,0,0,0,0,4.4,1,0,0,,,
K. Leonard,2013,OT1,1,SAS,22,2,1,1,1,0,0,0,0,0,0,0,0,0,0,0,2,2,0,0,0,0,0,2.4,1,0,-2,,,
K. Leonard,2013,OT1,0.5,SAS,22,2,1,1,0,0,0,0,0,0,0,0,0,0,0,0,1,1,0,0,0,0,0,1.2,1,0,-2,,,
D. Lillard,2019,4,5,POR,28,5,2,3,13,13,4,11,36.4,2,7,28.6,3,4,75,0,1,1,1,1,0,0,0,14.7,2,0,-4,,,
D. Lillard,2019,4,4,POR,28,5,2,3,12,13,4,11,36.4,2,7,28.6,3,4,75,0,1,1,1,1,0,0,0,14.7,2,0,-8,,,
D. Lillard,2019,4,3,POR,28,5,2,3,10,11,4,9,44.4,2,5,40,1,2,50,0,0,0,1,1,0,0,0,11.5,2,0,-5,,,
D. Lillard,2019,4,2,POR,28,5,2,3,9,8,3,7,42.9,1,4,25,1,2,50,0,0,0,1,1,0,0,0,8.5,2,0,-2,,,
D. Lillard,2019,4,1,POR,28,5,2,3,5,8,3,6,50,1,3,33.3,1,2,50,0,0,0,0,0,0,0,0,8,2,0,0,,,
D. Lillard,2019,4,0.5,POR,28,5,2,3,2,4,1,3,33.3,1,2,50,1,2,50,0,0,0,0,0,0,0,0,4,2,0,-4,,,
D. Lillard,2018,4,5,POR,27,3,0,3,5,0,0,2,0,0,0,0,0,0,0,0,1,1,1,0,0,0,1,2.7,0,0,-17,,,
D. Lillard,2018,4,4,POR,27,3,0,3,4,0,0,2,0,0,0,0,0,0,0,0,1,1,1,0,0,0,0,2.7,0,0,-1,,,
D. Lillard,2018,4,3,POR,27,3,0,3,3,0,0,1,0,0,0,0,0,0,0,0,0,0,0,0,0,0,0,0,0,0,-12,,,
D. Lillard,2018,4,2,POR,27,2,0,2,1,0,0,1,0,0,0,0,0,0,0,0,0,0,0,0,0,0,0,0,0,0,-6,,,
D. Lillard,2018,4,1,POR,27,1,0,1,1,0,0,1,0,0,0,0,0,0,0,0,0,0,0,0,0,0,0,0,0,0,-3,,,
D. Lillard,2018,4,0.5,POR,27,1,0,1,1,0,0,1,0,0,0,0,0,0,0,0,0,0,0,0,0,0,0,0,0,0,-3,,,
D. Lillard,2016,4,5,POR,25,5,2,3,9,8,3,7,42.9,1,3,33.3,1,1,100,0,0,0,0,0,0,0,1,8,1,0,-7,,,
D. Lillard,2016,4,4,POR,25,5,2,3,6,6,2,5,40,1,2,50,1,1,100,0,0,0,0,0,0,0,0,6,1,0,-6,,,
D. Lillard,2016,4,3,POR,25,4,2,2,3,6,2,4,50,1,1,100,1,1,100,0,0,0,0,0,0,0,0,6,1,0,2,,,
D. Lillard,2016,4,2,POR,25,3,1,2,3,1,0,2,0,0,0,0,1,1,100,0,0,0,0,0,0,0,0,1,1,0,-3,,,
D. Lillard,2016,4,1,POR,25,3,1,2,2,1,0,2,0,0,0,0,1,1,100,0,0,0,0,0,0,0,0,1,1,0,-4,,,
D. Lillard,2016,4,0.5,POR,25,3,1,2,1,1,0,1,0,0,0,0,1,1,100,0,0,0,0,0,0,0,0,1,1,0,-4,,,
D. Lillard,2015,4,5,POR,24,2,1,1,4,3,1,2,50,1,2,50,0,0,0,0,0,0,1,0,0,0,0,4.5,0,0,4,,,
D. Lillard,2015,4,4,POR,24,2,1,1,3,3,1,2,50,1,2,50,0,0,0,0,0,0,1,0,0,0,0,4.5,0,0,2,,,
D. Lillard,2015,4,3,POR,24,2,1,1,2,3,1,1,100,1,1,100,0,0,0,0,0,0,1,0,0,0,0,4.5,0,0,4,,,
D. Lillard,2015,4,2,POR,24,1,1,0,1,3,1,1,100,1,1,100,0,0,0,0,0,0,1,0,0,0,0,4.5,0,0,6,,,
D. Lillard,2015,4,1,,,,,,,,,,,,,,,,,,,,,,,,,,,,,,,
D. Lillard,2015,4,0.5,,,,,,,,,,,,,,,,,,,,,,,,,,,,,,,
D. Lillard,2014,4,5,POR,23,5,3,2,12,9,3,7,42.9,2,2,100,1,1,100,3,1,4,0,1,0,0,2,12.8,0,0,7,,,
D. Lillard,2014,4,4,POR,23,5,3,2,11,8,3,7,42.9,2,2,100,0,0,0,3,1,4,0,1,0,0,2,11.8,0,0,3,,,
D. Lillard,2014,4,3,POR,23,4,3,1,9,8,3,6,50,2,2,100,0,0,0,3,1,4,0,1,0,0,2,11.8,0,0,12,,,
D. Lillard,2014,4,2,POR,23,4,3,1,7,8,3,5,60,2,2,100,0,0,0,3,1,4,0,1,0,0,1,11.8,0,0,6,,,
D. Lillard,2014,4,1,POR,23,4,3,1,4,6,2,4,50,2,2,100,0,0,0,2,1,3,0,1,0,0,0,8.6,0,0,8,,,
D. Lillard,2014,4,0.5,POR,23,4,3,1,2,6,2,4,50,2,2,100,0,0,0,2,1,3,0,1,0,0,0,8.6,0,0,7,,,
D. Lillard,2019,OT1,5,POR,28,2,1,1,9,0,0,5,0,0,2,0,0,0,0,0,0,0,1,0,1,0,0,4.5,1,0,1,,,
D. Lillard,2019,OT1,4,POR,28,2,1,1,7,0,0,4,0,0,1,0,0,0,0,0,0,0,1,0,1,0,0,4.5,1,0,3,,,
D. Lillard,2019,OT1,3,POR,28,2,1,1,5,0,0,4,0,0,1,0,0,0,0,0,0,0,1,0,1,0,0,4.5,1,0,0,,,
D. Lillard,2019,OT1,2,POR,28,2,1,1,4,0,0,4,0,0,1,0,0,0,0,0,0,0,0,0,1,0,0,3,1,0,-1,,,
D. Lillard,2019,OT1,1,POR,28,2,1,1,2,0,0,4,0,0,1,0,0,0,0,0,0,0,0,0,1,0,0,3,1,0,-3,,,
D. Lillard,2019,OT1,0.5,POR,28,2,1,1,1,0,0,3,0,0,1,0,0,0,0,0,0,0,0,0,1,0,0,3,1,0,2,,,
D. Lillard,2019,OT2,5,POR,28,1,1,0,3,2,1,2,50,0,1,0,0,0,0,0,0,0,0,0,1,0,0,5,0,0,6,,,
D. Lillard,2019,OT2,4,POR,28,1,1,0,2,0,0,1,0,0,1,0,0,0,0,0,0,0,0,0,1,0,0,3,0,0,4,,,
D. Lillard,2019,OT2,3,POR,28,1,1,0,1,0,0,1,0,0,1,0,0,0,0,0,0,0,0,0,1,0,0,3,0,0,2,,,
D. Lillard,2019,OT2,2,POR,28,1,1,0,1,0,0,1,0,0,1,0,0,0,0,0,0,0,0,0,1,0,0,3,0,0,2,,,
D. Lillard,2019,OT2,1,POR,28,1,1,0,1,0,0,1,0,0,1,0,0,0,0,0,0,0,0,0,1,0,0,3,0,0,0,,,
D. Lillard,2019,OT2,0.5,POR,28,1,1,0,1,0,0,1,0,0,1,0,0,0,0,0,0,0,0,0,1,0,0,3,0,0,0,,,
D. Lillard,2019,OT3,5,POR,28,1,1,0,3,2,1,3,33.3,0,1,0,0,0,0,0,0,0,0,0,0,0,0,2,0,0,2,,,
D. Lillard,2019,OT3,4,POR,28,1,1,0,3,2,1,3,33.3,0,1,0,0,0,0,0,0,0,0,0,0,0,0,2,0,0,0,,,
D. Lillard,2019,OT3,3,POR,28,1,1,0,2,2,1,2,50,0,1,0,0,0,0,0,0,0,0,0,0,0,0,2,0,0,-2,,,
D. Lillard,2019,OT3,2,POR,28,1,1,0,2,2,1,2,50,0,1,0,0,0,0,0,0,0,0,0,0,0,0,2,0,0,-2,,,
D. Lillard,2019,OT3,1,POR,28,1,1,0,1,2,1,1,100,0,0,0,0,0,0,0,0,0,0,0,0,0,0,2,0,0,0,,,
D. Lillard,2019,OT3,0.5,POR,28,1,1,0,0,2,1,1,100,0,0,0,0,0,0,0,0,0,0,0,0,0,0,2,0,0,2,,,
D. Lillard,2019,OT4,5,POR,28,1,1,0,4,0,0,1,0,0,0,0,0,0,0,0,0,0,0,0,0,0,0,0,0,0,4,,,
D. Lillard,2019,OT4,4,POR,28,1,1,0,3,0,0,0,0,0,0,0,0,0,0,0,0,0,0,0,0,0,0,0,0,0,6,,,
D. Lillard,2019,OT4,3,POR,28,1,1,0,2,0,0,0,0,0,0,0,0,0,0,0,0,0,0,0,0,0,0,0,0,0,4,,,
D. Lillard,2019,OT4,2,POR,28,1,1,0,1,0,0,0,0,0,0,0,0,0,0,0,0,0,0,0,0,0,0,0,0,0,6,,,
D. Lillard,2019,OT4,1,POR,28,1,1,0,0,0,0,0,0,0,0,0,0,0,0,0,0,0,0,0,0,0,0,0,0,0,5,,,
D. Lillard,2019,OT4,0.5,,,,,,,,,,,,,,,,,,,,,,,,,,,,,,,
D. Lillard,2014,OT1,5,POR,23,3,2,1,7,5,1,5,20,0,1,0,3,3,100,0,2,2,0,0,0,0,0,7.4,0,0,6,,,
D. Lillard,2014,OT1,4,POR,23,3,2,1,5,5,1,4,25,0,1,0,3,3,100,0,1,1,0,0,0,0,0,6.2,0,0,8,,,
D. Lillard,2014,OT1,3,POR,23,2,1,1,4,5,1,4,25,0,1,0,3,3,100,0,0,0,0,0,0,0,0,5,0,0,1,,,
D. Lillard,2014,OT1,2,POR,23,2,1,1,3,5,1,3,33.3,0,1,0,3,3,100,0,0,0,0,0,0,0,0,5,0,0,-2,,,
D. Lillard,2014,OT1,1,POR,23,2,1,1,2,5,1,3,33.3,0,1,0,3,3,100,0,0,0,0,0,0,0,0,5,0,0,-2,,,
D. Lillard,2014,OT1,0.5,POR,23,2,1,1,1,2,0,0,0,0,0,0,2,2,100,0,0,0,0,0,0,0,0,2,0,0,-3,,,
K. Durant,2019,4,5,GSW,30,3,0,3,6,4,2,4,50,0,1,0,0,0,0,0,1,1,1,0,0,0,3,6.7,0,0,0,,,
K. Durant,2019,4,4,GSW,30,3,0,3,5,4,2,4,50,0,1,0,0,0,0,0,1,1,1,0,0,0,3,6.7,0,0,2,,,
K. Durant,2019,4,3,GSW,30,3,0,3,4,2,1,3,33.3,0,1,0,0,0,0,0,0,0,1,0,0,0,2,3.5,0,0,-1,,,
K. Durant,2019,4,2,GSW,30,2,0,2,2,0,0,2,0,0,1,0,0,0,0,0,0,0,1,0,0,0,1,1.5,0,0,1,,,
K. Durant,2019,4,1,GSW,30,2,0,2,1,0,0,2,0,0,1,0,0,0,0,0,0,0,1,0,0,0,1,1.5,0,0,1,,,
K. Durant,2019,4,0.5,GSW,30,2,0,2,1,0,0,2,0,0,1,0,0,0,0,0,0,0,0,0,0,0,1,0,0,0,-2,,,
K. Durant,2018,4,5,GSW,29,4,2,2,8,4,1,3,33.3,0,1,0,2,2,100,0,0,0,0,0,0,1,0,7,2,0,-5,,,
K. Durant,2018,4,4,GSW,29,4,2,2,7,2,0,1,0,0,0,0,2,2,100,0,0,0,0,0,0,1,0,5,2,0,-4,,,
K. Durant,2018,4,3,GSW,29,4,2,2,6,2,0,0,0,0,0,0,2,2,100,0,0,0,0,0,0,1,0,5,2,0,-3,,,
K. Durant,2018,4,2,GSW,29,3,1,2,4,2,0,0,0,0,0,0,2,2,100,0,0,0,0,0,0,1,0,5,1,0,-2,,,
K. Durant,2018,4,1,GSW,29,3,1,2,3,2,0,0,0,0,0,0,2,2,100,0,0,0,0,0,0,0,0,2,1,0,-,,,
K. Durant,2018,4,0.5,,,,,,,,,,,,,,,,,,,,,,,,,,,,,,,
K. Durant,2017,4,5,GSW,28,2,2,0,4,5,2,3,66.7,1,2,50,0,0,0,0,3,3,0,0,0,0,0,8.6,0,0,3,,,
K. Durant,2017,4,4,GSW,28,2,2,0,3,3,1,2,50,1,2,50,0,0,0,0,3,3,0,0,0,0,0,6.6,0,0,3,,,
K. Durant,2017,4,3,GSW,28,2,2,0,2,3,1,2,50,1,2,50,0,0,0,0,2,2,0,0,0,0,0,5.4,0,0,6,,,
K. Durant,2017,4,2,GSW,28,2,2,0,1,3,1,2,50,1,2,50,0,0,0,0,2,2,0,0,0,0,0,5.4,0,0,8,,,
K. Durant,2017,4,1,GSW,28,1,1,0,0,3,1,1,100,1,1,100,0,0,0,0,1,1,0,0,0,0,0,4.2,0,0,3,,,
K. Durant,2017,4,0.5,,,,,,,,,,,,,,,,,,,,,,,,,,,,,,,
K. Durant,2016,4,5,OKC,27,4,1,3,10,2,0,8,0,0,2,0,2,2,100,0,2,2,0,0,0,0,1,4.4,0,0,-12,,,
K. Durant,2016,4,4,OKC,27,4,1,3,9,2,0,7,0,0,2,0,2,2,100,0,2,2,0,0,0,0,0,4.4,0,0,-7,,,
K. Durant,2016,4,3,OKC,27,4,1,3,8,1,0,7,0,0,2,0,1,1,100,0,2,2,0,0,0,0,0,3.4,0,0,-8,,,
K. Durant,2016,4,2,OKC,27,4,1,3,6,1,0,6,0,0,2,0,1,1,100,0,2,2,0,0,0,0,0,3.4,0,0,-11,,,
K. Durant,2016,4,1,OKC,27,4,1,3,2,1,0,3,0,0,1,0,1,1,100,0,2,2,0,0,0,0,0,3.4,0,0,-8,,,
K. Durant,2016,4,0.5,OKC,27,3,0,3,1,0,0,3,0,0,1,0,0,0,0,0,1,1,0,0,0,0,0,1.2,0,0,-10,,,
K. Durant,2014,4,5,OKC,25,7,2,5,16,8,2,7,28.6,0,4,0,4,5,80,1,2,3,1,3,1,0,2,13.1,4,0,-1,,,
K. Durant,2014,4,4,OKC,25,7,2,5,16,8,2,7,28.6,0,4,0,4,5,80,1,2,3,1,3,1,0,2,13.1,4,0,2,,,
K. Durant,2014,4,3,OKC,25,7,2,5,13,8,2,6,33.3,0,4,0,4,5,80,1,2,3,1,3,1,0,1,13.1,4,0,2,,,
K. Durant,2014,4,2,OKC,25,7,2,5,11,8,2,5,40,0,3,0,4,5,80,0,2,2,1,3,1,0,1,11.9,4,0,8,,,
K. Durant,2014,4,1,OKC,25,7,2,5,6,5,1,3,33.3,0,2,0,3,3,100,0,0,0,1,3,1,0,1,6.5,4,0,7,,,
K. Durant,2014,4,0.5,OKC,25,7,2,5,3,1,0,1,0,0,1,0,1,1,100,0,0,0,0,2,0,0,0,-1,4,0,8,,,
K. Durant,2013,4,5,OKC,24,8,3,5,17,20,8,16,50,2,4,50,2,3,66.7,0,6,6,0,2,0,2,1,31.2,4,0,4,,,
K. Durant,2013,4,4,OKC,24,8,3,5,14,19,8,16,50,2,4,50,1,2,50,0,6,6,0,1,0,1,1,28.2,4,0,6,,,
K. Durant,2013,4,3,OKC,24,8,3,5,11,15,6,12,50,2,3,66.7,1,2,50,0,5,5,0,1,0,0,1,20,4,0,4,,,
K. Durant,2013,4,2,OKC,24,7,2,5,8,10,4,8,50,1,2,50,1,2,50,0,4,4,0,1,0,0,1,13.8,4,0,2,,,
K. Durant,2013,4,1,OKC,24,6,2,4,4,9,4,7,57.1,1,1,100,0,0,0,0,3,3,0,1,0,0,1,11.6,3,0,3,,,
K. Durant,2013,4,0.5,OKC,24,4,1,3,2,4,2,3,66.7,0,0,0,0,0,0,0,1,1,0,0,0,0,0,5.2,1,0,1,,,
K. Durant,2012,4,5,OKC,23,9,4,5,16,20,7,12,58.3,1,3,33.3,5,7,71.4,1,2,3,1,2,2,0,2,29.1,3,0,2,,,
K. Durant,2012,4,4,OKC,23,9,4,5,13,16,6,10,60,1,3,33.3,3,5,60,1,2,3,1,2,2,0,2,25.1,3,0,2,,,
K. Durant,2012,4,3,OKC,23,9,4,5,12,16,6,10,60,1,3,33.3,3,5,60,1,2,3,1,2,2,0,1,25.1,3,0,4,,,
K. Durant,2012,4,2,OKC,23,9,4,5,10,15,6,10,60,1,3,33.3,2,2,100,1,1,2,1,1,2,0,1,23.9,3,0,8,,,
K. Durant,2012,4,1,OKC,23,9,4,5,5,9,3,5,60,1,2,50,2,2,100,1,0,1,1,1,1,0,0,13.7,3,0,4,,,
K. Durant,2012,4,0.5,OKC,23,8,3,5,3,7,3,5,60,1,2,50,0,0,0,1,0,1,0,1,0,0,0,7.2,2,0,0,,,
K. Durant,2011,4,5,OKC,22,7,3,4,9,10,3,8,37.5,0,4,0,4,4,100,0,1,1,1,0,0,0,1,12.7,3,0,-1,,,
K. Durant,2011,4,4,OKC,22,7,3,4,9,9,3,8,37.5,0,4,0,3,3,100,0,1,1,1,0,0,0,1,11.7,3,0,0,,,
K. Durant,2011,4,3,OKC,22,7,3,4,9,7,2,6,33.3,0,3,0,3,3,100,0,1,1,1,0,0,0,1,9.7,3,0,-2,,,
K. Durant,2011,4,2,OKC,22,7,3,4,6,7,2,4,50,0,1,0,3,3,100,0,0,0,1,0,0,0,1,8.5,3,0,-1,,,
K. Durant,2011,4,1,OKC,22,6,2,4,3,2,0,2,0,0,1,0,2,2,100,0,0,0,0,0,0,0,1,2,3,0,-6,,,
K. Durant,2011,4,0.5,OKC,22,5,1,4,2,0,0,2,0,0,1,0,0,0,0,0,0,0,0,0,0,0,0,0,3,0,-7,,,
K. Durant,2010,4,5,OKC,21,2,0,2,5,2,0,3,0,0,1,0,2,2,100,0,2,2,0,1,0,0,2,3.4,0,0,3,,,
K. Durant,2010,4,4,OKC,21,2,0,2,4,0,0,2,0,0,1,0,0,0,0,0,2,2,0,1,0,0,2,1.4,0,0,2,,,
K. Durant,2010,4,3,OKC,21,2,0,2,2,0,0,1,0,0,1,0,0,0,0,0,1,1,0,1,0,0,2,0.2,0,0,-3,,,
K. Durant,2010,4,2,OKC,21,2,0,2,2,0,0,1,0,0,1,0,0,0,0,0,1,1,0,1,0,0,2,0.2,0,0,-2,,,
K. Durant,2010,4,1,OKC,21,2,0,2,1,0,0,1,0,0,1,0,0,0,0,0,1,1,0,0,0,0,1,1.2,0,0,0,,,
K. Durant,2010,4,0.5,OKC,21,2,0,2,1,0,0,1,0,0,1,0,0,0,0,0,0,0,0,0,0,0,1,0,0,0,0,,,
K. Durant,2019,OT1,5,GSW,30,1,0,1,4,2,1,1,100,0,0,0,0,0,0,0,0,0,0,0,0,0,0,2,0,0,-11,,,
K. Durant,2019,OT1,4,GSW,30,1,0,1,3,2,1,1,100,0,0,0,0,0,0,0,0,0,0,0,0,0,0,2,0,0,-10,,,
K. Durant,2019,OT1,3,GSW,30,1,0,1,3,2,1,1,100,0,0,0,0,0,0,0,0,0,0,0,0,0,0,2,0,0,-7,,,
K. Durant,2019,OT1,2,,,,,,,,,,,,,,,,,,,,,,,,,,,,,,,
K. Durant,2019,OT1,1,,,,,,,,,,,,,,,,,,,,,,,,,,,,,,,
K. Durant,2019,OT1,0.5,,,,,,,,,,,,,,,,,,,,,,,,,,,,,,,
K. Durant,2014,OT1,5,OKC,25,5,1,4,14,10,3,7,42.9,0,3,0,4,6,66.7,1,0,1,0,2,0,0,1,9.2,3,0,-10,,,
K. Durant,2014,OT1,4,OKC,25,5,1,4,10,4,0,4,0,0,3,0,4,6,66.7,0,0,0,0,1,0,0,1,3,3,0,-10,,,
K. Durant,2014,OT1,3,OKC,25,5,1,4,8,4,0,4,0,0,3,0,4,6,66.7,0,0,0,0,1,0,0,1,3,3,0,-10,,,
K. Durant,2014,OT1,2,OKC,25,5,1,4,6,4,0,4,0,0,3,0,4,6,66.7,0,0,0,0,0,0,0,1,4,3,0,-6,,,
K. Durant,2014,OT1,1,OKC,25,4,0,4,3,2,0,4,0,0,3,0,2,4,50,0,0,0,0,0,0,0,1,2,2,0,-7,,,
K. Durant,2014,OT1,0.5,OKC,25,4,0,4,2,1,0,3,0,0,3,0,1,2,50,0,0,0,0,0,0,0,1,1,2,0,-8,,,
K. Durant,2013,OT1,5,OKC,24,1,0,1,4,0,0,2,0,0,0,0,0,0,0,0,1,1,0,0,0,0,0,1.2,0,0,-7,,,
K. Durant,2013,OT1,4,OKC,24,1,0,1,3,0,0,1,0,0,0,0,0,0,0,0,1,1,0,0,0,0,0,1.2,0,0,-5,,,
K. Durant,2013,OT1,3,OKC,24,1,0,1,2,0,0,1,0,0,0,0,0,0,0,0,1,1,0,0,0,0,0,1.2,0,0,-3,,,
K. Durant,2013,OT1,2,OKC,24,1,0,1,2,0,0,1,0,0,0,0,0,0,0,0,1,1,0,0,0,0,0,1.2,0,0,-3,,,
K. Durant,2013,OT1,1,OKC,24,1,0,1,1,0,0,1,0,0,0,0,0,0,0,0,1,1,0,0,0,0,0,1.2,0,0,-3,,,
K. Durant,2013,OT1,0.5,,,,,,,,,,,,,,,,,,,,,,,,,,,,,,,
K. Durant,2011,OT1,5,OKC,22,3,1,2,6,0,0,3,0,0,2,0,0,0,0,0,1,1,1,1,0,0,0,1.7,3,0,-7,,,
K. Durant,2011,OT1,4,OKC,22,2,1,1,4,0,0,1,0,0,1,0,0,0,0,0,0,0,1,1,0,0,0,0.5,2,0,-2,,,
K. Durant,2011,OT1,3,OKC,22,2,1,1,3,0,0,1,0,0,1,0,0,0,0,0,0,0,0,1,0,0,0,-1,2,0,-2,,,
K. Durant,2011,OT1,2,OKC,22,2,1,1,2,0,0,1,0,0,1,0,0,0,0,0,0,0,0,1,0,0,0,-1,2,0,-2,,,
K. Durant,2011,OT1,1,OKC,22,2,1,1,1,0,0,1,0,0,1,0,0,0,0,0,0,0,0,0,0,0,0,0,2,0,-4,,,
K. Durant,2011,OT1,0.5,OKC,22,2,1,1,0,0,0,1,0,0,1,0,0,0,0,0,0,0,0,0,0,0,0,0,2,0,-1,,,
K. Durant,2011,OT2,5,OKC,22,1,1,0,4,0,0,1,0,0,0,0,0,0,0,0,1,1,0,0,0,0,0,1.2,1,0,1,,,
K. Durant,2011,OT2,4,OKC,22,1,1,0,3,0,0,1,0,0,0,0,0,0,0,0,0,0,0,0,0,0,0,0,1,0,0,,,
K. Durant,2011,OT2,3,,,,,,,,,,,,,,,,,,,,,,,,,,,,,,,
K. Durant,2011,OT2,2,,,,,,,,,,,,,,,,,,,,,,,,,,,,,,,
K. Durant,2011,OT2,1,,,,,,,,,,,,,,,,,,,,,,,,,,,,,,,
K. Durant,2011,OT2,0.5,,,,,,,,,,,,,,,,,,,,,,,,,,,,,,,
J. Harden,2019,4,5,HOU,29,4,1,3,10,4,0,3,0,0,3,0,4,4,100,0,2,2,0,1,0,0,3,5.4,0,0,-2,,,
J. Harden,2019,4,4,HOU,29,4,1,3,7,4,0,2,0,0,2,0,4,4,100,0,1,1,0,1,0,0,3,4.2,0,0,-23,,,
J. Harden,2019,4,3,HOU,29,4,1,3,4,3,0,1,0,0,1,0,3,3,100,0,0,0,0,1,0,0,3,2,0,0,-13,,,
J. Harden,2019,4,2,HOU,29,4,1,3,3,3,0,1,0,0,1,0,3,3,100,0,0,0,0,0,0,0,2,3,0,0,-11,,,
J. Harden,2019,4,1,HOU,29,4,1,3,2,3,0,1,0,0,1,0,3,3,100,0,0,0,0,0,0,0,1,3,0,0,-7,,,
J. Harden,2019,4,0.5,HOU,29,4,1,3,1,0,0,1,0,0,1,0,0,0,0,0,0,0,0,0,0,0,1,0,0,0,-7,,,
J. Harden,2017,4,5,HOU,27,3,1,2,4,8,1,4,25,1,4,25,5,5,100,0,2,2,0,1,0,0,1,9.4,1,1,-,,,
J. Harden,2017,4,4,HOU,27,3,1,2,4,8,1,4,25,1,4,25,5,5,100,0,2,2,0,1,0,0,1,9.4,1,1,-1,,,
J. Harden,2017,4,3,HOU,27,2,0,2,4,7,1,4,25,1,4,25,4,4,100,0,1,1,0,1,0,0,1,7.2,1,1,-2,,,
J. Harden,2017,4,2,HOU,27,2,0,2,3,7,1,4,25,1,4,25,4,4,100,0,1,1,0,1,0,0,1,7.2,1,1,0,,,
J. Harden,2017,4,1,HOU,27,2,0,2,2,6,1,3,33.3,1,3,33.3,3,3,100,0,0,0,0,1,0,0,1,5,1,1,2,,,
J. Harden,2017,4,0.5,HOU,27,2,0,2,1,2,0,2,0,0,2,0,2,2,100,0,0,0,0,1,0,0,1,1,1,1,0,,,
J. Harden,2016,4,5,HOU,26,1,1,0,1,2,1,1,100,0,0,0,0,0,0,0,0,0,0,0,0,0,0,2,0,0,4,,,
J. Harden,2016,4,4,HOU,26,1,1,0,1,2,1,1,100,0,0,0,0,0,0,0,0,0,0,0,0,0,0,2,0,0,4,,,
J. Harden,2016,4,3,HOU,26,1,1,0,1,2,1,1,100,0,0,0,0,0,0,0,0,0,0,0,0,0,0,2,0,0,4,,,
J. Harden,2016,4,2,HOU,26,1,1,0,1,2,1,1,100,0,0,0,0,0,0,0,0,0,0,0,0,0,0,2,0,0,4,,,
J. Harden,2016,4,1,HOU,26,1,1,0,0,2,1,1,100,0,0,0,0,0,0,0,0,0,0,0,0,0,0,2,0,0,4,,,
J. Harden,2016,4,0.5,HOU,26,1,1,0,0,2,1,1,100,0,0,0,0,0,0,0,0,0,0,0,0,0,0,2,0,0,2,,,
J. Harden,2014,4,5,HOU,24,5,1,4,8,8,1,8,12.5,0,2,0,6,6,100,0,1,1,1,0,0,0,0,10.7,0,0,15,,,
J. Harden,2014,4,4,HOU,24,5,1,4,7,8,1,8,12.5,0,2,0,6,6,100,0,1,1,1,0,0,0,0,10.7,0,0,14,,,
J. Harden,2014,4,3,HOU,24,5,1,4,5,8,1,7,14.3,0,1,0,6,6,100,0,1,1,1,0,0,0,0,10.7,0,0,11,,,
J. Harden,2014,4,2,HOU,24,5,1,4,4,6,0,6,0,0,1,0,6,6,100,0,1,1,1,0,0,0,0,8.7,0,0,10,,,
J. Harden,2014,4,1,HOU,24,5,1,4,2,2,0,6,0,0,1,0,2,2,100,0,1,1,1,0,0,0,0,4.7,0,0,4,,,
J. Harden,2014,4,0.5,HOU,24,5,1,4,2,1,0,5,0,0,1,0,1,1,100,0,1,1,1,0,0,0,0,3.7,0,0,3,,,
J. Harden,2013,4,5,HOU,23,2,0,2,7,9,3,5,60,0,1,0,3,4,75,0,0,0,0,2,0,0,2,7,1,0,0,,,
J. Harden,2013,4,4,HOU,23,2,0,2,5,6,2,3,66.7,0,0,0,2,2,100,0,0,0,0,2,0,0,1,4,1,0,-1,,,
J. Harden,2013,4,3,HOU,23,2,0,2,5,6,2,2,100,0,0,0,2,2,100,0,0,0,0,2,0,0,1,4,1,0,-4,,,
J. Harden,2013,4,2,HOU,23,2,0,2,3,4,1,1,100,0,0,0,2,2,100,0,0,0,0,2,0,0,1,2,1,0,-6,,,
J. Harden,2013,4,1,HOU,23,2,0,2,1,2,1,1,100,0,0,0,0,0,0,0,0,0,0,1,0,0,1,1,1,0,-3,,,
J. Harden,2013,4,0.5,HOU,23,2,0,2,1,2,1,1,100,0,0,0,0,0,0,0,0,0,0,1,0,0,1,1,1,0,-4,,,
J. Harden,2012,4,5,OKC,22,9,4,5,16,4,1,2,50,0,0,0,2,2,100,0,2,2,1,1,1,1,1,12.9,0,0,2,,,
J. Harden,2012,4,4,OKC,22,9,4,5,13,2,1,2,50,0,0,0,0,0,0,0,1,1,1,0,1,1,1,10.7,0,0,2,,,
J. Harden,2012,4,3,OKC,22,9,4,5,12,2,1,2,50,0,0,0,0,0,0,0,1,1,1,0,1,1,1,10.7,0,0,4,,,
J. Harden,2012,4,2,OKC,22,9,4,5,10,2,1,2,50,0,0,0,0,0,0,0,1,1,1,0,1,1,1,10.7,0,0,8,,,
J. Harden,2012,4,1,OKC,22,9,4,5,5,2,1,1,100,0,0,0,0,0,0,0,0,0,0,0,0,0,1,2,0,0,4,,,
J. Harden,2012,4,0.5,,,,,,,,,,,,,,,,,,,,,,,,,,,,,,,
J. Harden,2011,4,5,OKC,21,5,2,3,4,3,1,1,100,1,1,100,0,0,0,0,1,1,0,0,0,0,1,4.2,0,0,-5,,,
J. Harden,2011,4,4,OKC,21,5,2,3,4,3,1,1,100,1,1,100,0,0,0,0,1,1,0,0,0,0,1,4.2,0,0,-4,,,
J. Harden,2011,4,3,OKC,21,5,2,3,4,3,1,1,100,1,1,100,0,0,0,0,1,1,0,0,0,0,1,4.2,0,0,-4,,,
J. Harden,2011,4,2,OKC,21,5,2,3,3,3,1,1,100,1,1,100,0,0,0,0,0,0,0,0,0,0,1,3,0,0,-4,,,
J. Harden,2011,4,1,,,,,,,,,,,,,,,,,,,,,,,,,,,,,,,
J. Harden,2011,4,0.5,,,,,,,,,,,,,,,,,,,,,,,,,,,,,,,
J. Harden,2017,OT1,5,HOU,27,1,0,1,4,0,0,3,0,0,3,0,0,0,0,0,0,0,1,1,1,0,1,3.5,1,1,4,,,
J. Harden,2017,OT1,4,HOU,27,1,0,1,3,0,0,2,0,0,2,0,0,0,0,0,0,0,1,0,1,0,1,4.5,1,1,4,,,
J. Harden,2017,OT1,3,HOU,27,1,0,1,2,0,0,2,0,0,2,0,0,0,0,0,0,0,1,0,1,0,1,4.5,1,1,4,,,
J. Harden,2017,OT1,2,HOU,27,1,0,1,1,0,0,1,0,0,1,0,0,0,0,0,0,0,0,0,0,0,1,0,1,1,1,,,
J. Harden,2017,OT1,1,HOU,27,1,0,1,1,0,0,1,0,0,1,0,0,0,0,0,0,0,0,0,0,0,1,0,1,1,1,,,
J. Harden,2017,OT1,0.5,HOU,27,1,0,1,1,0,0,1,0,0,1,0,0,0,0,0,0,0,0,0,0,0,0,0,1,1,-1,,,
J. Harden,2014,OT1,5,HOU,24,3,1,2,11,2,1,6,16.7,0,2,0,0,0,0,0,1,1,0,0,0,0,0,3.2,0,0,-3,,,
J. Harden,2014,OT1,4,HOU,24,3,1,2,9,2,1,6,16.7,0,2,0,0,0,0,0,1,1,0,0,0,0,0,3.2,0,0,-3,,,
J. Harden,2014,OT1,3,HOU,24,3,1,2,7,2,1,6,16.7,0,2,0,0,0,0,0,1,1,0,0,0,0,0,3.2,0,0,1,,,
J. Harden,2014,OT1,2,HOU,24,3,1,2,5,2,1,6,16.7,0,2,0,0,0,0,0,1,1,0,0,0,0,0,3.2,0,0,6,,,
J. Harden,2014,OT1,1,HOU,24,3,1,2,3,0,0,4,0,0,2,0,0,0,0,0,1,1,0,0,0,0,0,1.2,0,0,2,,,
J. Harden,2014,OT1,0.5,HOU,24,3,1,2,1,0,0,3,0,0,2,0,0,0,0,0,0,0,0,0,0,0,0,0,0,0,1,,,
J. Harden,2011,OT2,5,OKC,21,1,1,0,4,3,1,1,100,1,1,100,0,0,0,0,0,0,0,1,0,0,0,2,0,0,1,,,
J. Harden,2011,OT2,4,OKC,21,1,1,0,3,3,1,1,100,1,1,100,0,0,0,0,0,0,0,0,0,0,0,3,0,0,0,,,
J. Harden,2011,OT2,3,OKC,21,1,1,0,3,3,1,1,100,1,1,100,0,0,0,0,0,0,0,0,0,0,0,3,0,0,0,,,
J. Harden,2011,OT2,2,OKC,21,1,1,0,2,3,1,1,100,1,1,100,0,0,0,0,0,0,0,0,0,0,0,3,0,0,0,,,
J. Harden,2011,OT2,1,,,,,,,,,,,,,,,,,,,,,,,,,,,,,,,
J. Harden,2011,OT2,0.5,,,,,,,,,,,,,,,,,,,,,,,,,,,,,,,
R. Westbrook,2019,4,5,OKC,30,2,0,2,1,0,0,1,0,0,0,0,0,0,0,0,0,0,1,0,0,0,0,1.5,2,2,-6,,,
R. Westbrook,2019,4,4,OKC,30,2,0,2,1,0,0,1,0,0,0,0,0,0,0,0,0,0,1,0,0,0,0,1.5,2,2,-6,,,
R. Westbrook,2019,4,3,OKC,30,2,0,2,1,0,0,1,0,0,0,0,0,0,0,0,0,0,1,0,0,0,0,1.5,2,2,-6,,,
R. Westbrook,2019,4,2,OKC,30,2,0,2,1,0,0,1,0,0,0,0,0,0,0,0,0,0,1,0,0,0,0,1.5,2,2,-3,,,
R. Westbrook,2019,4,1,OKC,30,2,0,2,1,0,0,1,0,0,0,0,0,0,0,0,0,0,1,0,0,0,0,1.5,2,2,-3,,,
R. Westbrook,2019,4,0.5,OKC,30,2,0,2,1,0,0,1,0,0,0,0,0,0,0,0,0,0,0,0,0,0,0,0,2,2,-5,,,
R. Westbrook,2018,4,5,OKC,29,2,0,2,4,1,0,4,0,0,2,0,1,1,100,1,0,1,2,0,0,0,1,5.2,2,0,-10,,,
R. Westbrook,2018,4,4,OKC,29,2,0,2,3,1,0,4,0,0,2,0,1,1,100,1,0,1,1,0,0,0,1,3.7,2,0,-7,,,
R. Westbrook,2018,4,3,OKC,29,2,0,2,2,1,0,3,0,0,2,0,1,1,100,1,0,1,0,0,0,0,1,2.2,2,0,-8,,,
R. Westbrook,2018,4,2,OKC,29,1,0,1,1,0,0,3,0,0,2,0,0,0,0,1,0,1,0,0,0,0,1,1.2,1,0,-3,,,
R. Westbrook,2018,4,1,OKC,29,1,0,1,1,0,0,3,0,0,2,0,0,0,0,1,0,1,0,0,0,0,1,1.2,1,0,-1,,,
R. Westbrook,2018,4,0.5,OKC,29,1,0,1,1,0,0,1,0,0,1,0,0,0,0,0,0,0,0,0,0,0,1,0,1,0,-1,,,
R. Westbrook,2017,4,5,OKC,28,3,1,2,5,4,0,3,0,0,1,0,4,4,100,0,1,1,0,2,0,0,1,3.2,3,3,-18,,,
R. Westbrook,2017,4,4,OKC,28,3,1,2,5,3,0,3,0,0,1,0,3,3,100,0,1,1,0,2,0,0,1,2.2,3,3,-17,,,
R. Westbrook,2017,4,3,OKC,28,3,1,2,3,0,0,2,0,0,1,0,0,0,0,0,1,1,0,2,0,0,1,-0.8,3,3,-14,,,
R. Westbrook,2017,4,2,OKC,28,2,1,1,2,0,0,1,0,0,1,0,0,0,0,0,1,1,0,2,0,0,1,-0.8,2,2,-6,,,
R. Westbrook,2017,4,1,OKC,28,2,1,1,1,0,0,1,0,0,1,0,0,0,0,0,0,0,0,0,0,0,1,0,2,2,-5,,,
R. Westbrook,2017,4,0.5,,,,,,,,,,,,,,,,,,,,,,,,,,,,,,,
R. Westbrook,2016,4,5,OKC,27,4,1,3,10,1,0,7,0,0,3,0,1,1,100,2,1,3,1,6,0,0,1,0.1,3,0,-12,,,
R. Westbrook,2016,4,4,OKC,27,4,1,3,9,1,0,5,0,0,1,0,1,1,100,2,1,3,1,6,0,0,1,0.1,3,0,-7,,,
R. Westbrook,2016,4,3,OKC,27,4,1,3,8,1,0,4,0,0,1,0,1,1,100,2,1,3,1,6,0,0,1,0.1,3,0,-8,,,
R. Westbrook,2016,4,2,OKC,27,4,1,3,6,1,0,2,0,0,1,0,1,1,100,1,1,2,0,6,0,0,1,-2.6,3,0,-11,,,
R. Westbrook,2016,4,1,OKC,27,4,1,3,2,1,0,2,0,0,1,0,1,1,100,1,0,1,0,2,0,0,1,0.2,3,0,-8,,,
R. Westbrook,2016,4,0.5,OKC,27,3,0,3,1,0,0,1,0,0,0,0,0,0,0,1,0,1,0,0,0,0,1,1.2,2,0,-10,,,
R. Westbrook,2014,4,5,OKC,25,7,2,5,16,20,5,12,41.7,1,6,16.7,9,9,100,1,1,2,0,4,3,0,0,27.4,2,1,-1,,,
R. Westbrook,2014,4,4,OKC,25,7,2,5,16,19,5,12,41.7,1,6,16.7,8,8,100,1,1,2,0,4,3,0,0,26.4,2,1,2,,,
R. Westbrook,2014,4,3,OKC,25,7,2,5,13,15,3,9,33.3,1,5,20,8,8,100,0,1,1,0,2,3,0,0,23.2,2,1,2,,,
R. Westbrook,2014,4,2,OKC,25,7,2,5,11,13,3,8,37.5,1,4,25,6,6,100,0,1,1,0,1,3,0,0,22.2,2,1,8,,,
R. Westbrook,2014,4,1,OKC,25,7,2,5,6,11,2,6,33.3,1,4,25,6,6,100,0,1,1,0,1,2,0,0,17.2,2,1,7,,,
R. Westbrook,2014,4,0.5,OKC,25,7,2,5,3,8,1,3,33.3,0,2,0,6,6,100,0,0,0,0,0,2,0,0,14,2,1,8,,,
R. Westbrook,2013,4,5,OKC,24,1,1,0,2,2,0,1,0,0,0,0,2,2,100,0,0,0,1,0,0,0,0,3.5,0,0,-1,,,
R. Westbrook,2013,4,4,,,,,,,,,,,,,,,,,,,,,,,,,,,,,,,
R. Westbrook,2013,4,3,,,,,,,,,,,,,,,,,,,,,,,,,,,,,,,
R. Westbrook,2013,4,2,,,,,,,,,,,,,,,,,,,,,,,,,,,,,,,
R. Westbrook,2013,4,1,,,,,,,,,,,,,,,,,,,,,,,,,,,,,,,
R. Westbrook,2013,4,0.5,,,,,,,,,,,,,,,,,,,,,,,,,,,,,,,
R. Westbrook,2012,4,5,OKC,23,9,4,5,16,2,1,6,16.7,0,1,0,0,0,0,0,2,2,0,1,1,0,4,6.4,0,0,2,,,
R. Westbrook,2012,4,4,OKC,23,9,4,5,13,2,1,6,16.7,0,1,0,0,0,0,0,2,2,0,1,1,0,4,6.4,0,0,2,,,
R. Westbrook,2012,4,3,OKC,23,9,4,5,12,2,1,5,20,0,1,0,0,0,0,0,2,2,0,1,1,0,4,6.4,0,0,4,,,
R. Westbrook,2012,4,2,OKC,23,9,4,5,10,2,1,4,25,0,1,0,0,0,0,0,2,2,0,1,0,0,4,3.4,0,0,8,,,
R. Westbrook,2012,4,1,OKC,23,9,4,5,5,0,0,1,0,0,1,0,0,0,0,0,2,2,0,1,0,0,4,1.4,0,0,4,,,
R. Westbrook,2012,4,0.5,OKC,23,8,3,5,3,0,0,1,0,0,1,0,0,0,0,0,0,0,0,0,0,0,4,0,0,0,0,,,
R. Westbrook,2011,4,5,OKC,22,7,3,4,9,3,0,7,0,0,3,0,3,3,100,0,1,1,1,2,0,0,3,3.7,1,0,-1,,,
R. Westbrook,2011,4,4,OKC,22,7,3,4,9,3,0,7,0,0,3,0,3,3,100,0,1,1,1,2,0,0,3,3.7,1,0,0,,,
R. Westbrook,2011,4,3,OKC,22,7,3,4,9,3,0,7,0,0,3,0,3,3,100,0,1,1,1,2,0,0,3,3.7,1,0,-2,,,
R. Westbrook,2011,4,2,OKC,22,7,3,4,6,3,0,6,0,0,3,0,3,3,100,0,1,1,1,1,0,0,3,4.7,1,0,-1,,,
R. Westbrook,2011,4,1,OKC,22,6,2,4,3,3,0,4,0,0,3,0,3,3,100,0,0,0,0,0,0,0,2,3,1,0,-6,,,
R. Westbrook,2011,4,0.5,OKC,22,5,1,4,2,0,0,4,0,0,3,0,0,0,0,0,0,0,0,0,0,0,2,0,1,0,-7,,,
R. Westbrook,2010,4,5,OKC,21,2,0,2,5,6,1,4,25,0,1,0,4,4,100,1,0,1,0,0,0,1,0,10.2,0,0,3,,,
R. Westbrook,2010,4,4,OKC,21,2,0,2,4,6,1,3,33.3,0,1,0,4,4,100,1,0,1,0,0,0,1,0,10.2,0,0,,,,
R. Westbrook,2010,4,3,OKC,21,2,0,2,2,1,0,1,0,0,1,0,1,1,100,0,0,0,0,0,0,1,0,4,0,0,-3,,,
R. Westbrook,2010,4,2,OKC,21,2,0,2,2,0,0,1,0,0,1,0,0,0,0,0,0,0,0,0,0,1,0,3,0,0,-2,,,
R. Westbrook,2010,4,1,OKC,21,2,0,2,1,0,0,1,0,0,1,0,0,0,0,0,0,0,0,0,0,1,0,3,0,0,0,,,
R. Westbrook,2010,4,0.5,OKC,21,2,0,2,1,0,0,1,0,0,1,0,0,0,0,0,0,0,0,0,0,0,0,0,0,0,0,,,
R. Westbrook,2014,OT1,5,OKC,25,5,1,4,14,3,1,10,10,0,3,0,1,3,33.3,2,3,5,3,1,0,0,6,12.5,2,1,-10,,,
R. Westbrook,2014,OT1,4,OKC,25,5,1,4,10,3,1,7,14.3,0,3,0,1,3,33.3,1,2,3,1,0,0,0,5,8.1,2,1,-10,,,
R. Westbrook,2014,OT1,3,OKC,25,5,1,4,8,2,1,6,16.7,0,2,0,0,2,0,1,2,3,1,0,0,0,4,7.1,2,1,-10,,,
R. Westbrook,2014,OT1,2,OKC,25,5,1,4,6,0,0,4,0,0,1,0,0,2,0,1,2,3,1,0,0,0,4,5.1,2,1,-6,,,
R. Westbrook,2014,OT1,1,OKC,25,4,0,4,3,0,0,3,0,0,1,0,0,2,0,0,2,2,0,0,0,0,4,2.4,2,1,-7,,,
R. Westbrook,2014,OT1,0.5,OKC,25,4,0,4,2,0,0,1,0,0,1,0,0,2,0,0,0,0,0,0,0,0,4,0,2,1,-8,,,
R. Westbrook,2011,OT1,5,OKC,22,3,1,2,6,0,0,2,0,0,1,0,0,0,0,0,2,2,1,1,0,0,1,2.9,1,0,-7,,,
R. Westbrook,2011,OT1,4,OKC,22,2,1,1,4,0,0,2,0,0,1,0,0,0,0,0,2,2,1,1,0,0,1,2.9,0,0,-2,,,
R. Westbrook,2011,OT1,3,OKC,22,2,1,1,3,0,0,2,0,0,1,0,0,0,0,0,2,2,1,1,0,0,1,2.9,0,0,-2,,,
R. Westbrook,2011,OT1,2,OKC,22,2,1,1,2,0,0,1,0,0,0,0,0,0,0,0,1,1,1,0,0,0,1,2.7,0,0,-2,,,
R. Westbrook,2011,OT1,1,OKC,22,2,1,1,1,0,0,1,0,0,0,0,0,0,0,0,0,0,0,0,0,0,1,0,0,0,-4,,,
R. Westbrook,2011,OT1,0.5,OKC,22,2,1,1,0,0,0,1,0,0,0,0,0,0,0,0,0,0,0,0,0,0,1,0,0,0,-1,,,
R. Westbrook,2011,OT2,5,OKC,22,1,1,0,4,6,3,5,60,0,0,0,0,0,0,0,0,0,1,0,0,0,1,7.5,0,0,1,,,
R. Westbrook,2011,OT2,4,OKC,22,1,1,0,3,4,2,4,50,0,0,0,0,0,0,0,0,0,1,0,0,0,1,5.5,0,0,0,,,
R. Westbrook,2011,OT2,3,OKC,22,1,1,0,3,4,2,4,50,0,0,0,0,0,0,0,0,0,1,0,0,0,1,5.5,0,0,0,,,
R. Westbrook,2011,OT2,2,OKC,22,1,1,0,2,4,2,3,66.7,0,0,0,0,0,0,0,0,0,1,0,0,0,1,5.5,0,0,0,,,
R. Westbrook,2011,OT2,1,OKC,22,1,1,0,1,2,1,2,50,0,0,0,0,0,0,0,0,0,0,0,0,0,0,2,0,0,0,,,
R. Westbrook,2011,OT2,0.5,OKC,22,1,1,0,1,0,0,1,0,0,0,0,0,0,0,0,0,0,0,0,0,0,0,0,0,0,0,,,
R. Westbrook,2011,OT3,5,OKC,22,1,1,0,1,2,1,2,50,0,0,0,0,0,0,0,1,1,0,0,1,0,0,6.2,0,0,4,,,
R. Westbrook,2011,OT3,4,OKC,22,1,1,0,0,2,1,1,100,0,0,0,0,0,0,0,0,0,0,0,0,0,0,2,0,0,2,,,
R. Westbrook,2011,OT3,3,,,,,,,,,,,,,,,,,,,,,,,,,,,,,,,
R. Westbrook,2011,OT3,2,,,,,,,,,,,,,,,,,,,,,,,,,,,,,,,
R. Westbrook,2011,OT3,1,,,,,,,,,,,,,,,,,,,,,,,,,,,,,,,
R. Westbrook,2011,OT3,0.5,,,,,,,,,,,,,,,,,,,,,,,,,,,,,,,
D. Nowitzki,2016,4,5,DAL,38,1,1,0,4,0,0,2,0,0,1,0,0,0,0,1,0,1,0,0,0,0,0,1.2,0,0,6,,,
D. Nowitzki,2016,4,4,DAL,38,1,1,0,3,0,0,2,0,0,1,0,0,0,0,1,0,1,0,0,0,0,0,1.2,0,0,2,,,
D. Nowitzki,2016,4,3,DAL,38,1,1,0,3,0,0,2,0,0,1,0,0,0,0,1,0,1,0,0,0,0,0,1.2,0,0,4,,,
D. Nowitzki,2016,4,2,DAL,38,1,1,0,2,0,0,1,0,0,1,0,0,0,0,0,0,0,0,0,0,0,0,0,0,0,2,,,
D. Nowitzki,2016,4,1,,,,,,,,,,,,,,,,,,,,,,,,,,,,,,,
D. Nowitzki,2016,4,0.5,,,,,,,,,,,,,,,,,,,,,,,,,,,,,,,
D. Nowitzki,2014,4,5,DAL,36,4,2,2,10,3,1,6,16.7,0,0,0,1,2,50,2,1,3,1,0,0,0,1,8.1,0,0,-1,,,
D. Nowitzki,2014,4,4,DAL,36,3,1,2,8,2,1,4,25,0,0,0,0,0,0,2,0,2,1,0,0,0,1,5.9,0,0,-5,,,
D. Nowitzki,2014,4,3,DAL,36,3,1,2,6,2,1,3,33.3,0,0,0,0,0,0,1,0,1,1,0,0,0,1,4.7,0,0,0,,,
D. Nowitzki,2014,4,2,DAL,36,2,1,1,4,2,1,2,50,0,0,0,0,0,0,1,0,1,1,0,0,0,1,4.7,0,0,3,,,
D. Nowitzki,2014,4,1,DAL,36,2,1,1,2,2,1,2,50,0,0,0,0,0,0,1,0,1,1,0,0,0,1,4.7,0,0,2,,,
D. Nowitzki,2014,4,0.5,DAL,36,2,1,1,1,2,1,1,100,0,0,0,0,0,0,1,0,1,0,0,0,0,1,3.2,0,0,2,,,
D. Nowitzki,2012,4,5,DAL,34,3,0,3,8,4,0,2,0,0,0,0,4,4,100,0,1,1,0,2,0,0,3,3.2,0,0,-7,,,
D. Nowitzki,2012,4,4,DAL,34,3,0,3,6,4,0,2,0,0,0,0,4,4,100,0,1,1,0,2,0,0,3,3.2,0,0,-5,,,
D. Nowitzki,2012,4,3,DAL,34,3,0,3,4,2,0,1,0,0,0,0,2,2,100,0,1,1,0,1,0,0,2,2.2,0,0,-4,,,
D. Nowitzki,2012,4,2,DAL,34,3,0,3,2,2,0,1,0,0,0,0,2,2,100,0,1,1,0,1,0,0,1,2.2,0,0,-3,,,
D. Nowitzki,2012,4,1,DAL,34,3,0,3,2,2,0,1,0,0,0,0,2,2,100,0,1,1,0,1,0,0,1,2.2,0,0,-4,,,
D. Nowitzki,2012,4,0.5,DAL,34,3,0,3,2,2,0,1,0,0,0,0,2,2,100,0,1,1,0,0,0,0,0,3.2,0,0,-2,,,
D. Nowitzki,2011,4,5,DAL,33,10,7,3,19,34,10,17,58.8,3,4,75,11,11,100,1,3,4,1,2,1,0,0,41.3,4,0,24,,,
D. Nowitzki,2011,4,4,DAL,33,10,7,3,16,30,10,15,66.7,3,4,75,7,7,100,1,3,4,1,2,1,0,0,37.3,4,0,28,,,
D. Nowitzki,2011,4,3,DAL,33,9,6,3,14,26,9,13,69.2,2,3,66.7,6,6,100,0,3,3,0,1,1,0,0,31.6,3,0,23,,,
D. Nowitzki,2011,4,2,DAL,33,8,5,3,10,20,7,9,77.8,2,3,66.7,4,4,100,0,2,2,0,1,1,0,0,24.4,3,0,16,,,
D. Nowitzki,2011,4,1,DAL,33,6,3,3,5,13,4,5,80,1,1,100,4,4,100,0,2,2,0,1,0,0,0,14.4,3,0,9,,,
D. Nowitzki,2011,4,0.5,DAL,33,6,3,3,3,9,2,3,66.7,1,1,100,4,4,100,0,1,1,0,0,0,0,0,10.2,3,0,8,,,
D. Nowitzki,2010,4,5,DAL,32,2,0,2,4,5,1,1,100,0,0,0,3,3,100,0,0,0,0,0,0,0,0,5,1,0,-4,,,
D. Nowitzki,2010,4,4,DAL,32,2,0,2,4,5,1,1,100,0,0,0,3,3,100,0,0,0,0,0,0,0,0,5,1,0,-6,,,
D. Nowitzki,2010,4,3,,,,,,,,,,,,,,,,,,,,,,,,,,,,,,,
D. Nowitzki,2010,4,2,,,,,,,,,,,,,,,,,,,,,,,,,,,,,,,
D. Nowitzki,2010,4,1,,,,,,,,,,,,,,,,,,,,,,,,,,,,,,,
D. Nowitzki,2010,4,0.5,,,,,,,,,,,,,,,,,,,,,,,,,,,,,,,
D. Nowitzki,2009,4,5,DAL,31,2,1,1,4,6,2,3,66.7,0,1,0,2,2,100,0,0,0,0,1,0,0,0,5,2,0,4,,,
D. Nowitzki,2009,4,4,DAL,31,2,1,1,3,6,2,3,66.7,0,1,0,2,2,100,0,0,0,0,1,0,0,0,5,2,0,4,,,
D. Nowitzki,2009,4,3,DAL,31,2,1,1,2,6,2,3,66.7,0,1,0,2,2,100,0,0,0,0,0,0,0,0,6,2,0,4,,,
D. Nowitzki,2009,4,2,DAL,31,2,1,1,1,4,1,2,50,0,1,0,2,2,100,0,0,0,0,0,0,0,0,4,2,0,4,,,
D. Nowitzki,2009,4,1,DAL,31,1,0,1,0,0,0,1,0,0,1,0,0,0,0,0,0,0,0,0,0,0,0,0,1,0,0,,,
D. Nowitzki,2009,4,0.5,,,,,,,,,,,,,,,,,,,,,,,,,,,,,,,
D. Nowitzki,2006,4,5,DAL,28,11,4,7,33,27,5,13,38.5,2,4,50,15,17,88.2,4,8,12,6,3,1,1,7,53.4,7,0,5,,,
D. Nowitzki,2006,4,4,DAL,28,11,4,7,28,23,5,12,41.7,2,4,50,11,13,84.6,3,8,11,5,3,1,1,5,46.7,7,0,2,,,
D. Nowitzki,2006,4,3,DAL,28,11,4,7,23,19,4,10,40,1,2,50,10,12,83.3,3,6,9,4,3,0,1,5,35.8,7,0,3,,,
D. Nowitzki,2006,4,2,DAL,28,11,4,7,17,18,4,10,40,1,2,50,9,11,81.8,3,6,9,3,3,0,1,4,33.3,7,0,7,,,
D. Nowitzki,2006,4,1,DAL,28,11,4,7,11,15,4,9,44.4,1,2,50,6,7,85.7,3,3,6,3,1,0,1,3,28.7,7,0,13,,,
D. Nowitzki,2006,4,0.5,DAL,28,11,4,7,6,13,3,7,42.9,1,2,50,6,7,85.7,3,3,6,1,1,0,1,3,23.7,7,0,8,,,
D. Nowitzki,2005,4,5,DAL,27,5,2,3,7,8,3,4,75,0,0,0,2,2,100,0,0,0,2,0,0,0,0,11,3,0,11,,,
D. Nowitzki,2005,4,4,DAL,27,4,2,2,5,6,3,4,75,0,0,0,0,0,0,0,0,0,2,0,0,0,0,9,2,0,12,,,
D. Nowitzki,2005,4,3,DAL,27,4,2,2,5,6,3,4,75,0,0,0,0,0,0,0,0,0,2,0,0,0,0,9,2,0,10,,,
D. Nowitzki,2005,4,2,DAL,27,4,2,2,4,4,2,2,100,0,0,0,0,0,0,0,0,0,2,0,0,0,0,7,2,0,6,,,
D. Nowitzki,2005,4,1,DAL,27,3,1,2,2,4,2,2,100,0,0,0,0,0,0,0,0,0,1,0,0,0,0,5.5,2,0,,,,
D. Nowitzki,2005,4,0.5,DAL,27,3,1,2,1,4,2,2,100,0,0,0,0,0,0,0,0,0,0,0,0,0,0,4,2,0,2,,,
D. Nowitzki,2004,4,5,DAL,26,3,0,3,9,5,2,5,40,0,0,0,1,1,100,1,3,4,0,0,0,2,1,15.8,3,0,0,,,
D. Nowitzki,2004,4,4,DAL,26,3,0,3,8,5,2,5,40,0,0,0,1,1,100,1,3,4,0,0,0,2,1,15.8,3,0,0,,,
D. Nowitzki,2004,4,3,DAL,26,3,0,3,6,3,1,3,33.3,0,0,0,1,1,100,1,2,3,0,0,0,2,1,12.6,3,0,0,,,
D. Nowitzki,2004,4,2,DAL,26,3,0,3,5,3,1,3,33.3,0,0,0,1,1,100,1,2,3,0,0,0,2,1,12.6,3,0,-1,,,
D. Nowitzki,2004,4,1,DAL,26,3,0,3,3,3,1,2,50,0,0,0,1,1,100,1,0,1,0,0,0,2,0,10.2,3,0,0,,,
D. Nowitzki,2004,4,0.5,DAL,26,3,0,3,1,2,1,2,50,0,0,0,0,0,0,1,0,1,0,0,0,1,0,6.2,3,0,0,,,
D. Nowitzki,2003,4,5,DAL,25,6,4,2,10,7,3,5,60,0,0,0,1,2,50,0,4,4,0,0,0,1,0,14.8,5,0,8,,,
D. Nowitzki,2003,4,4,DAL,25,6,4,2,9,5,2,3,66.7,0,0,0,1,2,50,0,4,4,0,0,0,1,0,12.8,5,0,10,,,
D. Nowitzki,2003,4,3,DAL,25,6,4,2,8,5,2,3,66.7,0,0,0,1,2,50,0,4,4,0,0,0,1,0,12.8,5,0,9,,,
D. Nowitzki,2003,4,2,DAL,25,5,3,2,6,1,0,1,0,0,0,0,1,2,50,0,3,3,0,0,0,1,0,7.6,4,0,4,,,
D. Nowitzki,2003,4,1,,,,,,,,,,,,,,,,,,,,,,,,,,,,,,,
D. Nowitzki,2003,4,0.5,,,,,,,,,,,,,,,,,,,,,,,,,,,,,,,
D. Nowitzki,2001,4,5,DAL,23,4,2,2,6,3,1,3,33.3,0,1,0,1,1,100,0,1,1,0,1,0,0,0,3.2,2,0,5,,,
D. Nowitzki,2001,4,4,DAL,23,3,2,1,4,0,0,2,0,0,1,0,0,0,0,0,1,1,0,1,0,0,0,0.2,2,0,1,,,
D. Nowitzki,2001,4,3,DAL,23,3,2,1,4,0,0,1,0,0,0,0,0,0,0,0,1,1,0,1,0,0,0,0.2,2,0,3,,,
D. Nowitzki,2001,4,2,DAL,23,3,2,1,3,0,0,1,0,0,0,0,0,0,0,0,1,1,0,1,0,0,0,0.2,2,0,3,,,
D. Nowitzki,2001,4,1,,,,,,,,,,,,,,,,,,,,,,,,,,,,,,,
D. Nowitzki,2001,4,0.5,,,,,,,,,,,,,,,,,,,,,,,,,,,,,,,
D. Nowitzki,2006,OT1,5,DAL,28,4,3,1,6,4,2,4,50,0,0,0,0,0,0,1,0,1,2,0,0,0,0,8.2,1,0,13,,,
D. Nowitzki,2006,OT1,4,DAL,28,3,2,1,4,4,2,3,66.7,0,0,0,0,0,0,0,0,0,0,0,0,0,0,4,1,0,8,,,
D. Nowitzki,2006,OT1,3,DAL,28,1,0,1,2,2,1,2,50,0,0,0,0,0,0,0,0,0,0,0,0,0,0,2,0,0,4,,,
D. Nowitzki,2006,OT1,2,DAL,28,1,0,1,1,2,1,1,100,0,0,0,0,0,0,0,0,0,0,0,0,0,0,2,0,0,2,,,
D. Nowitzki,2006,OT1,1,DAL,28,1,0,1,0,2,1,1,100,0,0,0,0,0,0,0,0,0,0,0,0,0,0,2,0,0,1,,,
D. Nowitzki,2006,OT1,0.5,DAL,28,1,0,1,0,2,1,1,100,0,0,0,0,0,0,0,0,0,0,0,0,0,0,2,0,0,1,,,
D. Nowitzki,2005,OT1,5,DAL,27,1,0,1,4,1,0,4,0,0,1,0,1,2,50,0,1,1,0,0,0,0,3,2.2,1,0,-10,,,
D. Nowitzki,2005,OT1,4,DAL,27,1,0,1,3,1,0,2,0,0,1,0,1,2,50,0,1,1,0,0,0,0,3,2.2,1,0,-8,,,
D. Nowitzki,2005,OT1,3,DAL,27,1,0,1,2,1,0,1,0,0,1,0,1,2,50,0,1,1,0,0,0,0,3,2.2,1,0,-11,,,
D. Nowitzki,2005,OT1,2,DAL,27,1,0,1,2,1,0,1,0,0,1,0,1,2,50,0,1,1,0,0,0,0,3,2.2,1,0,-6,,,
D. Nowitzki,2005,OT1,1,DAL,27,1,0,1,1,1,0,1,0,0,1,0,1,2,50,0,1,1,0,0,0,0,2,2.2,1,0,-3,,,
D. Nowitzki,2005,OT1,0.5,DAL,27,1,0,1,1,1,0,1,0,0,1,0,1,2,50,0,1,1,0,0,0,0,2,2.2,1,0,-3,,,
D. Nowitzki,2003,OT1,5,DAL,25,1,1,0,3,0,0,1,0,0,0,0,0,0,0,0,1,1,0,0,0,0,1,1.2,1,0,6,,,
D. Nowitzki,2003,OT1,4,DAL,25,1,1,0,2,0,0,1,0,0,0,0,0,0,0,0,1,1,0,0,0,0,1,1.2,1,0,5,,,
D. Nowitzki,2003,OT1,3,DAL,25,1,1,0,2,0,0,1,0,0,0,0,0,0,0,0,1,1,0,0,0,0,1,1.2,1,0,5,,,
D. Nowitzki,2003,OT1,2,DAL,25,1,1,0,1,0,0,1,0,0,0,0,0,0,0,0,1,1,0,0,0,0,1,1.2,1,0,0,,,
D. Nowitzki,2003,OT1,1,,,,,,,,,,,,,,,,,,,,,,,,,,,,,,,
D. Nowitzki,2003,OT1,0.5,,,,,,,,,,,,,,,,,,,,,,,,,,,,,,,
D. Nowitzki,2002,OT1,5,DAL,24,1,0,1,5,2,0,2,0,0,0,0,2,2,100,0,0,0,0,1,0,0,1,1,1,0,0,,,
D. Nowitzki,2002,OT1,4,DAL,24,1,0,1,4,2,0,1,0,0,0,0,2,2,100,0,0,0,0,1,0,0,1,1,1,0,2,,,
D. Nowitzki,2002,OT1,3,DAL,24,1,0,1,3,0,0,1,0,0,0,0,0,0,0,0,0,0,0,1,0,0,1,-1,1,0,-2,,,
D. Nowitzki,2002,OT1,2,DAL,24,1,0,1,2,0,0,1,0,0,0,0,0,0,0,0,0,0,0,1,0,0,1,-1,1,0,-2,,,
D. Nowitzki,2002,OT1,1,DAL,24,1,0,1,1,0,0,1,0,0,0,0,0,0,0,0,0,0,0,0,0,0,0,0,1,0,-2,,,
D. Nowitzki,2002,OT1,0.5,DAL,24,1,0,1,1,0,0,1,0,0,0,0,0,0,0,0,0,0,0,0,0,0,0,0,1,0,-2,,,
T. Duncan,2016,4,5,SAS,40,2,0,2,4,0,0,1,0,0,0,0,0,0,0,1,1,2,0,0,0,0,0,2.4,0,0,-7,,,
T. Duncan,2016,4,4,SAS,40,2,0,2,4,0,0,1,0,0,0,0,0,0,0,0,1,1,0,0,0,0,0,1.2,0,0,-5,,,
T. Duncan,2016,4,3,SAS,40,2,0,2,4,0,0,1,0,0,0,0,0,0,0,0,1,1,0,0,0,0,0,1.2,0,0,-3,,,
T. Duncan,2016,4,2,,,,,,,,,,,,,,,,,,,,,,,,,,,,,,,
T. Duncan,2016,4,1,,,,,,,,,,,,,,,,,,,,,,,,,,,,,,,
T. Duncan,2016,4,0.5,,,,,,,,,,,,,,,,,,,,,,,,,,,,,,,
T. Duncan,2015,4,5,SAS,39,3,1,2,6,6,2,3,66.7,0,0,0,2,2,100,1,0,1,1,0,0,0,1,8.7,3,0,2,,,
T. Duncan,2015,4,4,SAS,39,3,1,2,5,4,1,2,50,0,0,0,2,2,100,1,0,1,1,0,0,0,1,6.7,3,0,-2,,,
T. Duncan,2015,4,3,SAS,39,3,1,2,5,2,0,1,0,0,0,0,2,2,100,0,0,0,1,0,0,0,1,3.5,3,0,0,,,
T. Duncan,2015,4,2,SAS,39,3,1,2,5,2,0,1,0,0,0,0,2,2,100,0,0,0,1,0,0,0,1,3.5,3,0,0,,,
T. Duncan,2015,4,1,SAS,39,3,1,2,3,2,0,1,0,0,0,0,2,2,100,0,0,0,0,0,0,0,1,2,3,0,-4,,,
T. Duncan,2015,4,0.5,,,,,,,,,,,,,,,,,,,,,,,,,,,,,,,
T. Duncan,2014,4,5,SAS,38,7,4,3,11,2,1,2,50,0,0,0,0,0,0,0,4,4,1,0,0,0,0,8.3,4,0,11,,,
T. Duncan,2014,4,4,SAS,38,6,3,3,8,0,0,1,0,0,0,0,0,0,0,0,3,3,1,0,0,0,0,5.1,3,0,6,,,
T. Duncan,2014,4,3,,,,,,,,,,,,,,,,,,,,,,,,,,,,,,,
T. Duncan,2014,4,2,,,,,,,,,,,,,,,,,,,,,,,,,,,,,,,
T. Duncan,2014,4,1,,,,,,,,,,,,,,,,,,,,,,,,,,,,,,,
T. Duncan,2014,4,0.5,,,,,,,,,,,,,,,,,,,,,,,,,,,,,,,
T. Duncan,2013,4,5,SAS,37,5,2,3,11,2,1,7,14.3,0,0,0,0,0,0,2,0,2,1,1,0,0,1,4.9,4,0,3,,,
T. Duncan,2013,4,4,SAS,37,5,2,3,9,0,0,6,0,0,0,0,0,0,0,2,0,2,1,1,0,0,1,2.9,4,0,3,,,
T. Duncan,2013,4,3,SAS,37,5,2,3,7,0,0,4,0,0,0,0,0,0,0,1,0,1,1,0,0,0,1,2.7,4,0,6,,,
T. Duncan,2013,4,2,SAS,37,5,2,3,5,0,0,3,0,0,0,0,0,0,0,1,0,1,1,0,0,0,0,2.7,4,0,,,,
T. Duncan,2013,4,1,SAS,37,5,2,3,2,0,0,3,0,0,0,0,0,0,0,1,0,1,0,0,0,0,0,1.2,4,0,4,,,
T. Duncan,2013,4,0.5,SAS,37,5,2,3,1,0,0,1,0,0,0,0,0,0,0,0,0,0,0,0,0,0,0,0,4,0,-2,,,
T. Duncan,2012,4,5,SAS,36,3,1,2,4,2,1,1,100,0,0,0,0,0,0,0,1,1,2,0,0,0,0,6.2,2,0,-4,,,
T. Duncan,2012,4,4,SAS,36,3,1,2,3,2,1,1,100,0,0,0,0,0,0,0,0,0,2,0,0,0,0,5,2,0,-4,,,
T. Duncan,2012,4,3,SAS,36,2,1,1,2,2,1,1,100,0,0,0,0,0,0,0,0,0,1,0,0,0,0,3.5,1,0,-1,,,
T. Duncan,2012,4,2,,,,,,,,,,,,,,,,,,,,,,,,,,,,,,,
T. Duncan,2012,4,1,,,,,,,,,,,,,,,,,,,,,,,,,,,,,,,
T. Duncan,2012,4,0.5,,,,,,,,,,,,,,,,,,,,,,,,,,,,,,,
T. Duncan,2011,4,5,SAS,35,4,1,3,8,0,0,1,0,0,0,0,0,0,0,2,3,5,2,1,0,0,0,8,4,0,-,,,
T. Duncan,2011,4,4,SAS,35,4,1,3,7,0,0,1,0,0,0,0,0,0,0,2,3,5,2,0,0,0,0,9,4,0,-7,,,
T. Duncan,2011,4,3,SAS,35,3,1,2,5,0,0,1,0,0,0,0,0,0,0,2,2,4,2,0,0,0,0,7.8,3,0,-2,,,
T. Duncan,2011,4,2,,,,,,,,,,,,,,,,,,,,,,,,,,,,,,,
T. Duncan,2011,4,1,,,,,,,,,,,,,,,,,,,,,,,,,,,,,,,
T. Duncan,2011,4,0.5,,,,,,,,,,,,,,,,,,,,,,,,,,,,,,,
T. Duncan,2008,4,5,SAS,32,5,2,3,9,8,4,5,80,0,0,0,0,0,0,2,2,4,1,1,0,0,0,13.3,5,1,0,,,
T. Duncan,2008,4,4,SAS,32,5,2,3,7,6,3,4,75,0,0,0,0,0,0,2,2,4,1,1,0,0,0,11.3,5,1,0,,,
T. Duncan,2008,4,3,SAS,32,5,2,3,6,4,2,3,66.7,0,0,0,0,0,0,2,2,4,1,1,0,0,0,9.3,5,1,-1,,,
T. Duncan,2008,4,2,SAS,32,4,2,2,4,4,2,3,66.7,0,0,0,0,0,0,2,2,4,0,1,0,0,0,7.8,4,0,,,,
T. Duncan,2008,4,1,SAS,32,3,1,2,3,2,1,2,50,0,0,0,0,0,0,2,1,3,0,0,0,0,0,5.6,3,0,1,,,
T. Duncan,2008,4,0.5,,,,,,,,,,,,,,,,,,,,,,,,,,,,,,,
T. Duncan,2007,4,5,SAS,31,6,4,2,7,4,1,1,100,0,0,0,2,2,100,0,2,2,1,0,0,2,1,13.9,6,0,10,,,
T. Duncan,2007,4,4,SAS,31,5,3,2,5,4,1,1,100,0,0,0,2,2,100,0,1,1,0,0,0,2,1,11.2,5,0,8,,,
T. Duncan,2007,4,3,SAS,31,5,3,2,4,4,1,1,100,0,0,0,2,2,100,0,1,1,0,0,0,2,1,11.2,5,0,5,,,
T. Duncan,2007,4,2,SAS,31,4,2,2,3,4,1,1,100,0,0,0,2,2,100,0,1,1,0,0,0,1,1,8.2,4,0,3,,,
T. Duncan,2007,4,1,,,,,,,,,,,,,,,,,,,,,,,,,,,,,,,
T. Duncan,2007,4,0.5,,,,,,,,,,,,,,,,,,,,,,,,,,,,,,,
T. Duncan,2006,4,5,SAS,30,9,5,4,16,15,5,10,50,0,0,0,5,7,71.4,2,2,4,3,0,0,1,2,27.3,7,0,30,,,
T. Duncan,2006,4,4,SAS,30,9,5,4,14,13,4,9,44.4,0,0,0,5,7,71.4,2,1,3,3,0,0,1,1,24.1,7,0,27,,,
T. Duncan,2006,4,3,SAS,30,9,5,4,10,10,3,8,37.5,0,0,0,4,5,80,2,1,3,2,0,0,1,0,19.6,7,0,20,,,
T. Duncan,2006,4,2,SAS,30,6,2,4,7,7,2,5,40,0,0,0,3,4,75,1,1,2,2,0,0,0,0,12.4,6,0,1,,,
T. Duncan,2006,4,1,SAS,30,4,1,3,3,0,0,2,0,0,0,0,0,0,0,1,0,1,2,0,0,0,0,4.2,4,0,8,,,
T. Duncan,2006,4,0.5,SAS,30,4,1,3,1,0,0,2,0,0,0,0,0,0,0,1,0,1,1,0,0,0,0,2.7,4,0,4,,,
T. Duncan,2005,4,5,SAS,29,8,4,4,24,17,6,16,37.5,0,0,0,5,9,55.6,4,4,8,0,1,0,2,0,31.6,6,0,5,,,
T. Duncan,2005,4,4,SAS,29,8,4,4,19,12,4,10,40,0,0,0,4,6,66.7,2,4,6,0,1,0,2,0,24.2,6,0,6,,,
T. Duncan,2005,4,3,SAS,29,8,4,4,15,12,4,8,50,0,0,0,4,6,66.7,2,4,6,0,1,0,2,0,24.2,6,0,6,,,
T. Duncan,2005,4,2,SAS,29,7,3,4,9,5,1,5,20,0,0,0,3,4,75,2,2,4,0,1,0,1,0,11.8,6,0,1,,,
T. Duncan,2005,4,1,SAS,29,6,3,3,4,3,1,4,25,0,0,0,1,2,50,1,0,1,0,0,0,1,0,7.2,5,0,1,,,
T. Duncan,2005,4,0.5,SAS,29,5,3,2,2,2,1,3,33.3,0,0,0,0,0,0,1,0,1,0,0,0,0,0,3.2,4,0,4,,,
T. Duncan,2004,4,5,SAS,28,2,1,1,5,12,6,6,100,0,0,0,0,0,0,0,1,1,1,1,0,0,0,13.7,2,0,11,,,
T. Duncan,2004,4,4,SAS,28,2,1,1,4,8,4,4,100,0,0,0,0,0,0,0,1,1,1,1,0,0,0,9.7,2,0,7,,,
T. Duncan,2004,4,3,SAS,28,2,1,1,2,6,3,3,100,0,0,0,0,0,0,0,1,1,1,1,0,0,0,7.7,2,0,7,,,
T. Duncan,2004,4,2,SAS,28,2,1,1,1,4,2,2,100,0,0,0,0,0,0,0,1,1,0,0,0,0,0,5.2,2,0,4,,,
T. Duncan,2004,4,1,SAS,28,1,0,1,0,2,1,1,100,0,0,0,0,0,0,0,0,0,0,0,0,0,0,2,1,0,2,,,
T. Duncan,2004,4,0.5,SAS,28,1,0,1,0,2,1,1,100,0,0,0,0,0,0,0,0,0,0,0,0,0,0,2,1,0,2,,,
T. Duncan,2003,4,5,SAS,27,6,0,6,12,11,5,12,41.7,0,0,0,1,4,25,3,1,4,1,2,0,0,1,15.3,5,0,0,,,
T. Duncan,2003,4,4,SAS,27,6,0,6,11,9,4,11,36.4,0,0,0,1,4,25,3,1,4,1,2,0,0,1,13.3,5,0,-6,,,
T. Duncan,2003,4,3,SAS,27,6,0,6,9,9,4,10,40,0,0,0,1,4,25,3,1,4,1,2,0,0,0,13.3,5,0,-2,,,
T. Duncan,2003,4,2,SAS,27,6,0,6,7,7,3,8,37.5,0,0,0,1,4,25,2,1,3,1,2,0,0,0,10.1,5,0,-7,,,
T. Duncan,2003,4,1,SAS,27,6,0,6,4,5,2,6,33.3,0,0,0,1,4,25,2,1,3,0,0,0,0,0,8.6,5,0,-10,,,
T. Duncan,2003,4,0.5,SAS,27,6,0,6,3,5,2,5,40,0,0,0,1,4,25,2,0,2,0,0,0,0,0,7.4,5,0,-11,,,
T. Duncan,2002,4,5,SAS,26,5,0,5,12,0,0,5,0,0,0,0,0,0,0,0,1,1,2,2,2,1,3,11.2,5,0,-24,,,
T. Duncan,2002,4,4,SAS,26,4,0,4,8,0,0,4,0,0,0,0,0,0,0,0,0,0,1,1,1,0,1,3.5,4,0,-16,,,
T. Duncan,2002,4,3,SAS,26,3,0,3,6,0,0,3,0,0,0,0,0,0,0,0,0,0,1,1,1,0,1,3.5,3,0,-11,,,
T. Duncan,2002,4,2,SAS,26,3,0,3,4,0,0,2,0,0,0,0,0,0,0,0,0,0,0,1,1,0,1,2,3,0,-7,,,
T. Duncan,2002,4,1,SAS,26,2,0,2,2,0,0,1,0,0,0,0,0,0,0,0,0,0,0,1,0,0,1,-1,2,0,-4,,,
T. Duncan,2002,4,0.5,SAS,26,2,0,2,1,0,0,1,0,0,0,0,0,0,0,0,0,0,0,0,0,0,0,0,2,0,-4,,,
T. Duncan,2001,4,5,SAS,25,4,1,3,8,3,1,1,100,0,0,0,1,2,50,0,2,2,0,1,0,0,3,4.4,4,0,-5,,,
T. Duncan,2001,4,4,,,,,,,,,,,,,,,,,,,,,,,,,,,,,,,
T. Duncan,2001,4,3,,,,,,,,,,,,,,,,,,,,,,,,,,,,,,,
T. Duncan,2001,4,2,,,,,,,,,,,,,,,,,,,,,,,,,,,,,,,
T. Duncan,2001,4,1,,,,,,,,,,,,,,,,,,,,,,,,,,,,,,,
T. Duncan,2001,4,0.5,,,,,,,,,,,,,,,,,,,,,,,,,,,,,,,
T. Duncan,1999,4,5,SAS,23,5,5,0,9,8,3,4,75,0,1,0,2,3,66.7,0,1,1,3,0,1,0,2,16.7,2,0,28,,,
T. Duncan,1999,4,4,SAS,23,4,4,0,6,5,2,3,66.7,0,1,0,1,2,50,0,0,0,3,0,1,0,2,12.5,2,0,16,,,
T. Duncan,1999,4,3,SAS,23,4,4,0,5,5,2,3,66.7,0,1,0,1,2,50,0,0,0,2,0,1,0,1,11,2,0,17,,,
T. Duncan,1999,4,2,SAS,23,4,4,0,3,2,1,1,100,0,0,0,0,0,0,0,0,0,1,0,0,0,0,3.5,2,0,13,,,
T. Duncan,1999,4,1,SAS,23,3,3,0,2,2,1,1,100,0,0,0,0,0,0,0,0,0,0,0,0,0,0,2,1,0,8,,,
T. Duncan,1999,4,0.5,SAS,23,2,2,0,1,2,1,1,100,0,0,0,0,0,0,0,0,0,0,0,0,0,0,2,1,0,4,,,
T. Duncan,1998,4,5,SAS,22,5,1,4,8,10,4,6,66.7,0,0,0,2,2,100,0,1,1,0,0,0,0,0,11.2,3,0,9,,,
T. Duncan,1998,4,4,SAS,22,4,0,4,7,6,2,4,50,0,0,0,2,2,100,0,1,1,0,0,0,0,0,7.2,2,0,5,,,
T. Duncan,1998,4,3,SAS,22,4,0,4,5,6,2,3,66.7,0,0,0,2,2,100,0,1,1,0,0,0,0,0,7.2,2,0,4,,,
T. Duncan,1998,4,2,SAS,22,3,0,3,4,4,2,3,66.7,0,0,0,0,0,0,0,1,1,0,0,0,0,0,5.2,2,0,4,,,
T. Duncan,1998,4,1,SAS,22,3,0,3,2,2,1,2,50,0,0,0,0,0,0,0,0,0,0,0,0,0,0,2,2,0,0,,,
T. Duncan,1998,4,0.5,SAS,22,3,0,3,1,0,0,1,0,0,0,0,0,0,0,0,0,0,0,0,0,0,0,0,2,0,-2,,,
T. Duncan,2015,OT1,5,SAS,39,1,1,0,2,2,1,2,50,0,0,0,0,0,0,0,0,0,0,0,0,0,0,2,1,0,5,,,
T. Duncan,2015,OT1,4,SAS,39,1,1,0,1,2,1,2,50,0,0,0,0,0,0,0,0,0,0,0,0,0,0,2,1,0,2,,,
T. Duncan,2015,OT1,3,SAS,39,1,1,0,1,2,1,2,50,0,0,0,0,0,0,0,0,0,0,0,0,0,0,2,1,0,2,,,
T. Duncan,2015,OT1,2,SAS,39,1,1,0,0,2,1,1,100,0,0,0,0,0,0,0,0,0,0,0,0,0,0,2,1,0,2,,,
T. Duncan,2015,OT1,1,,,,,,,,,,,,,,,,,,,,,,,,,,,,,,,
T. Duncan,2015,OT1,0.5,,,,,,,,,,,,,,,,,,,,,,,,,,,,,,,
T. Duncan,2014,OT1,5,SAS,38,1,1,0,3,5,1,1,100,0,0,0,3,4,75,0,1,1,0,0,0,0,0,6.2,1,0,3,,,
T. Duncan,2014,OT1,4,SAS,38,1,1,0,2,5,1,1,100,0,0,0,3,4,75,0,1,1,0,0,0,0,0,6.2,1,0,3,,,
T. Duncan,2014,OT1,3,SAS,38,1,1,0,1,4,1,1,100,0,0,0,2,2,100,0,1,1,0,0,0,0,0,5.2,1,0,4,,,
T. Duncan,2014,OT1,2,,,,,,,,,,,,,,,,,,,,,,,,,,,,,,,
T. Duncan,2014,OT1,1,,,,,,,,,,,,,,,,,,,,,,,,,,,,,,,
T. Duncan,2014,OT1,0.5,,,,,,,,,,,,,,,,,,,,,,,,,,,,,,,
T. Duncan,2013,OT1,5,SAS,37,5,3,2,6,8,4,6,66.7,0,0,0,0,0,0,1,1,2,0,0,1,0,0,13.4,4,0,6,,,
T. Duncan,2013,OT1,4,SAS,37,3,2,1,4,2,1,3,33.3,0,0,0,0,0,0,1,1,2,0,0,1,0,0,7.4,2,0,2,,,
T. Duncan,2013,OT1,3,SAS,37,3,2,1,3,2,1,2,50,0,0,0,0,0,0,1,0,1,0,0,0,0,0,3.2,2,0,0,,,
T. Duncan,2013,OT1,2,,,,,,,,,,,,,,,,,,,,,,,,,,,,,,,
T. Duncan,2013,OT1,1,,,,,,,,,,,,,,,,,,,,,,,,,,,,,,,
T. Duncan,2013,OT1,0.5,,,,,,,,,,,,,,,,,,,,,,,,,,,,,,,
T. Duncan,2008,OT1,5,SAS,32,1,1,0,4,3,1,1,100,1,1,100,0,0,0,1,0,1,0,1,0,0,0,3.2,1,0,-6,,,
T. Duncan,2008,OT1,4,SAS,32,1,1,0,3,3,1,1,100,1,1,100,0,0,0,0,0,0,0,1,0,0,0,2,1,0,-6,,,
T. Duncan,2008,OT1,3,SAS,32,1,1,0,2,3,1,1,100,1,1,100,0,0,0,0,0,0,0,1,0,0,0,2,1,0,-4,,,
T. Duncan,2008,OT1,2,SAS,32,1,1,0,1,3,1,1,100,1,1,100,0,0,0,0,0,0,0,1,0,0,0,2,1,0,1,,,
T. Duncan,2008,OT1,1,SAS,32,1,1,0,1,3,1,1,100,1,1,100,0,0,0,0,0,0,0,1,0,0,0,2,1,0,3,,,
T. Duncan,2008,OT1,0.5,SAS,32,1,1,0,1,3,1,1,100,1,1,100,0,0,0,0,0,0,0,1,0,0,0,2,1,0,3,,,
T. Duncan,2006,OT1,5,SAS,30,3,1,2,7,1,0,4,0,0,0,0,1,1,100,1,1,2,0,1,1,0,0,5.4,3,0,-12,,,
T. Duncan,2006,OT1,4,SAS,30,3,1,2,5,0,0,2,0,0,0,0,0,0,0,0,1,1,0,1,1,0,0,3.2,3,0,-11,,,
T. Duncan,2006,OT1,3,SAS,30,2,0,2,3,0,0,1,0,0,0,0,0,0,0,0,1,1,0,0,0,0,0,1.2,2,0,-11,,,
T. Duncan,2006,OT1,2,,,,,,,,,,,,,,,,,,,,,,,,,,,,,,,
T. Duncan,2006,OT1,1,,,,,,,,,,,,,,,,,,,,,,,,,,,,,,,
T. Duncan,2006,OT1,0.5,,,,,,,,,,,,,,,,,,,,,,,,,,,,,,,
T. Duncan,2005,OT1,5,SAS,29,2,2,0,4,2,1,3,33.3,0,0,0,0,0,0,0,2,2,0,1,0,0,1,3.4,2,0,-1,,,
T. Duncan,2005,OT1,4,SAS,29,1,1,0,3,0,0,1,0,0,0,0,0,0,0,0,2,2,0,0,0,0,0,2.4,1,0,-3,,,
T. Duncan,2005,OT1,3,,,,,,,,,,,,,,,,,,,,,,,,,,,,,,,
T. Duncan,2005,OT1,2,,,,,,,,,,,,,,,,,,,,,,,,,,,,,,,
T. Duncan,2005,OT1,1,,,,,,,,,,,,,,,,,,,,,,,,,,,,,,,
T. Duncan,2005,OT1,0.5,,,,,,,,,,,,,,,,,,,,,,,,,,,,,,,
T. Duncan,2003,OT1,5,SAS,27,1,0,1,2,4,2,2,100,0,0,0,0,0,0,0,0,0,0,0,0,0,0,4,1,0,4,,,
T. Duncan,2003,OT1,4,SAS,27,1,0,1,1,2,1,1,100,0,0,0,0,0,0,0,0,0,0,0,0,0,0,2,1,0,4,,,
T. Duncan,2003,OT1,3,,,,,,,,,,,,,,,,,,,,,,,,,,,,,,,
T. Duncan,2003,OT1,2,,,,,,,,,,,,,,,,,,,,,,,,,,,,,,,
T. Duncan,2003,OT1,1,,,,,,,,,,,,,,,,,,,,,,,,,,,,,,,
T. Duncan,2003,OT1,0.5,,,,,,,,,,,,,,,,,,,,,,,,,,,,,,,
D. Wade,2018,4,5,MIA,36,1,0,1,1,5,2,2,100,0,0,0,1,2,50,0,0,0,0,0,0,0,0,5,0,0,-1,,,
D. Wade,2018,4,4,MIA,36,1,0,1,1,5,2,2,100,0,0,0,1,2,50,0,0,0,0,0,0,0,0,5,0,0,-,,,
D. Wade,2018,4,3,MIA,36,1,0,1,1,5,2,2,100,0,0,0,1,2,50,0,0,0,0,0,0,0,0,5,0,0,-1,,,
D. Wade,2018,4,2,MIA,36,1,0,1,1,5,2,2,100,0,0,0,1,2,50,0,0,0,0,0,0,0,0,5,0,0,-,,,
D. Wade,2018,4,1,MIA,36,1,0,1,1,5,2,2,100,0,0,0,1,2,50,0,0,0,0,0,0,0,0,5,0,0,-1,,,
D. Wade,2018,4,0.5,,,,,,,,,,,,,,,,,,,,,,,,,,,,,,,
D. Wade,2016,4,5,MIA,34,7,2,5,15,14,4,8,50,0,0,0,6,6,100,1,3,4,1,2,0,0,2,18.3,1,0,-6,,,
D. Wade,2016,4,4,MIA,34,7,2,5,14,11,4,8,50,0,0,0,3,3,100,1,3,4,1,0,0,0,2,17.3,1,0,-5,,,
D. Wade,2016,4,3,MIA,34,7,2,5,11,10,4,8,50,0,0,0,2,2,100,1,2,3,0,0,0,0,2,13.6,1,0,-9,,,
D. Wade,2016,4,2,MIA,34,7,2,5,9,8,3,5,60,0,0,0,2,2,100,1,1,2,0,0,0,0,2,10.4,1,0,-9,,,
D. Wade,2016,4,1,MIA,34,7,2,5,5,6,3,4,75,0,0,0,0,0,0,1,1,2,0,0,0,0,1,8.4,1,0,-5,,,
D. Wade,2016,4,0.5,MIA,34,6,2,4,2,4,2,3,66.7,0,0,0,0,0,0,1,0,1,0,0,0,0,1,5.2,1,0,-1,,,
D. Wade,2014,4,5,MIA,32,6,4,2,13,0,0,1,0,0,0,0,0,0,0,0,2,2,1,1,0,0,1,2.9,0,0,3,,,
D. Wade,2014,4,4,,,,,,,,,,,,,,,,,,,,,,,,,,,,,,,
D. Wade,2014,4,3,,,,,,,,,,,,,,,,,,,,,,,,,,,,,,,
D. Wade,2014,4,2,,,,,,,,,,,,,,,,,,,,,,,,,,,,,,,
D. Wade,2014,4,1,,,,,,,,,,,,,,,,,,,,,,,,,,,,,,,
D. Wade,2014,4,0.5,,,,,,,,,,,,,,,,,,,,,,,,,,,,,,,
D. Wade,2013,4,5,MIA,31,6,2,4,12,2,1,5,20,0,1,0,0,0,0,1,0,1,0,2,0,0,1,1.2,0,0,-3,,,
D. Wade,2013,4,4,MIA,31,6,2,4,10,2,1,4,25,0,1,0,0,0,0,1,0,1,0,1,0,0,1,2.2,0,0,-10,,,
D. Wade,2013,4,3,MIA,31,6,2,4,8,2,1,3,33.3,0,1,0,0,0,0,1,0,1,0,0,0,0,0,3.2,0,0,-14,,,
D. Wade,2013,4,2,MIA,31,6,2,4,6,2,1,3,33.3,0,1,0,0,0,0,0,0,0,0,0,0,0,0,2,0,0,-14,,,
D. Wade,2013,4,1,MIA,31,5,2,3,3,2,1,1,100,0,0,0,0,0,0,0,0,0,0,0,0,0,0,2,0,0,-7,,,
D. Wade,2013,4,0.5,,,,,,,,,,,,,,,,,,,,,,,,,,,,,,,
D. Wade,2012,4,5,MIA,30,6,2,4,19,10,4,10,40,0,1,0,2,3,66.7,0,4,4,4,1,0,1,1,22.8,0,0,5,,,
D. Wade,2012,4,4,MIA,30,6,2,4,15,8,3,8,37.5,0,1,0,2,3,66.7,0,3,3,3,1,0,0,1,15.1,0,0,3,,,
D. Wade,2012,4,3,MIA,30,6,2,4,12,7,3,8,37.5,0,1,0,1,1,100,0,2,2,2,0,0,0,1,12.4,0,0,3,,,
D. Wade,2012,4,2,MIA,30,5,1,4,8,3,1,5,20,0,1,0,1,1,100,0,1,1,2,0,0,0,1,7.2,0,0,-6,,,
D. Wade,2012,4,1,MIA,30,5,1,4,4,1,0,3,0,0,1,0,1,1,100,0,0,0,1,0,0,0,0,2.5,0,0,-10,,,
D. Wade,2012,4,0.5,MIA,30,5,1,4,2,1,0,2,0,0,1,0,1,1,100,0,0,0,0,0,0,0,0,1,0,0,-4,,,
D. Wade,2011,4,5,MIA,29,10,6,4,20,5,2,7,28.6,0,3,0,1,2,50,0,2,2,1,1,0,1,3,10.9,2,0,13,,,
D. Wade,2011,4,4,MIA,29,9,5,4,17,5,2,7,28.6,0,3,0,1,2,50,0,2,2,1,0,0,1,2,11.9,2,0,10,,,
D. Wade,2011,4,3,MIA,29,9,5,4,15,5,2,7,28.6,0,3,0,1,2,50,0,2,2,1,0,0,0,2,8.9,2,0,7,,,
D. Wade,2011,4,2,MIA,29,8,4,4,9,3,1,4,25,0,2,0,1,2,50,0,1,1,0,0,0,0,1,4.2,1,0,3,,,
D. Wade,2011,4,1,MIA,29,7,4,3,6,3,1,4,25,0,2,0,1,2,50,0,0,0,0,0,0,0,1,3,1,0,1,,,
D. Wade,2011,4,0.5,MIA,29,6,3,3,3,2,1,2,50,0,1,0,0,0,0,0,0,0,0,0,0,0,1,2,0,0,-4,,,
D. Wade,2010,4,5,MIA,28,1,0,1,4,2,1,2,50,0,1,0,0,0,0,0,0,0,1,0,0,0,0,3.5,0,0,7,,,
D. Wade,2010,4,4,MIA,28,1,0,1,3,0,0,1,0,0,1,0,0,0,0,0,0,0,1,0,0,0,0,1.5,0,0,5,,,
D. Wade,2010,4,3,MIA,28,1,0,1,3,0,0,1,0,0,1,0,0,0,0,0,0,0,1,0,0,0,0,1.5,0,0,3,,,
D. Wade,2010,4,2,MIA,28,1,0,1,2,0,0,1,0,0,1,0,0,0,0,0,0,0,1,0,0,0,0,1.5,0,0,,,,
D. Wade,2010,4,1,MIA,28,1,0,1,1,0,0,1,0,0,1,0,0,0,0,0,0,0,0,0,0,0,0,0,0,0,0,,,
D. Wade,2010,4,0.5,MIA,28,1,0,1,0,0,0,1,0,0,1,0,0,0,0,0,0,0,0,0,0,0,0,0,0,0,0,,,
D. Wade,2007,4,5,MIA,25,3,0,3,3,0,0,3,0,0,1,0,0,0,0,0,0,0,1,1,0,0,1,0.5,1,0,-8,,,
D. Wade,2007,4,4,MIA,25,3,0,3,2,0,0,2,0,0,1,0,0,0,0,0,0,0,1,1,0,0,1,0.5,1,0,-4,,,
D. Wade,2007,4,3,MIA,25,2,0,2,2,0,0,2,0,0,1,0,0,0,0,0,0,0,1,0,0,0,1,1.5,0,0,-2,,,
D. Wade,2007,4,2,MIA,25,2,0,2,2,0,0,2,0,0,1,0,0,0,0,0,0,0,1,0,0,0,1,1.5,0,0,-2,,,
D. Wade,2007,4,1,MIA,25,2,0,2,1,0,0,2,0,0,1,0,0,0,0,0,0,0,1,0,0,0,1,1.5,0,0,-2,,,
D. Wade,2007,4,0.5,MIA,25,1,0,1,0,0,0,1,0,0,1,0,0,0,0,0,0,0,0,0,0,0,0,0,0,0,-3,,,
D. Wade,2006,4,5,MIA,24,8,4,4,12,16,7,12,58.3,0,0,0,2,2,100,1,0,1,1,0,0,1,2,21.7,3,0,-1,,,
D. Wade,2006,4,4,MIA,24,5,2,3,9,12,5,10,50,0,0,0,2,2,100,1,0,1,1,0,0,0,2,14.7,2,0,-1,,,
D. Wade,2006,4,3,MIA,24,4,2,2,6,9,4,8,50,0,0,0,1,1,100,1,0,1,1,0,0,0,1,11.7,2,0,2,,,
D. Wade,2006,4,2,MIA,24,4,2,2,5,8,4,8,50,0,0,0,0,0,0,1,0,1,0,0,0,0,1,9.2,2,0,1,,,
D. Wade,2006,4,1,MIA,24,4,2,2,2,2,1,4,25,0,0,0,0,0,0,1,0,1,0,0,0,0,1,3.2,2,0,-2,,,
D. Wade,2006,4,0.5,MIA,24,4,2,2,1,2,1,1,100,0,0,0,0,0,0,0,0,0,0,0,0,0,1,2,2,0,-2,,,
D. Wade,2005,4,5,MIA,23,5,3,2,12,0,0,8,0,0,0,0,0,0,0,0,1,1,2,1,1,0,1,6.2,1,0,-6,,,
D. Wade,2005,4,4,MIA,23,5,3,2,10,0,0,5,0,0,0,0,0,0,0,0,1,1,2,1,0,0,1,3.2,1,0,-4,,,
D. Wade,2005,4,3,MIA,23,4,2,2,8,0,0,4,0,0,0,0,0,0,0,0,1,1,2,1,0,0,1,3.2,1,0,-2,,,
D. Wade,2005,4,2,MIA,23,4,2,2,5,0,0,3,0,0,0,0,0,0,0,0,1,1,2,1,0,0,1,3.2,1,0,-4,,,
D. Wade,2005,4,1,MIA,23,3,2,1,3,0,0,1,0,0,0,0,0,0,0,0,0,0,2,1,0,0,1,2,1,0,1,,,
D. Wade,2005,4,0.5,MIA,23,3,2,1,2,0,0,1,0,0,0,0,0,0,0,0,0,0,1,0,0,0,1,1.5,1,0,0,,,
D. Wade,2004,4,5,MIA,22,4,2,2,6,5,2,2,100,1,1,100,0,0,0,0,0,0,1,0,0,1,0,9.5,0,0,9,,,
D. Wade,2004,4,4,MIA,22,4,2,2,5,5,2,2,100,1,1,100,0,0,0,0,0,0,1,0,0,1,0,9.5,0,0,5,,,
D. Wade,2004,4,3,MIA,22,4,2,2,4,5,2,2,100,1,1,100,0,0,0,0,0,0,0,0,0,1,0,8,0,0,2,,,
D. Wade,2004,4,2,MIA,22,4,2,2,3,5,2,2,100,1,1,100,0,0,0,0,0,0,0,0,0,0,0,5,0,0,8,,,
D. Wade,2004,4,1,MIA,22,3,2,1,2,5,2,2,100,1,1,100,0,0,0,0,0,0,0,0,0,0,0,5,0,0,5,,,
D. Wade,2004,4,0.5,MIA,22,2,1,1,1,2,1,1,100,0,0,0,0,0,0,0,0,0,0,0,0,0,0,2,0,0,,,,
D. Wade,2003,4,5,MIA,34,3,2,1,4,0,0,2,0,0,0,0,0,0,0,0,1,1,0,0,0,0,0,1.2,0,0,-1,,,
D. Wade,2003,4,4,MIA,34,2,1,1,2,0,0,1,0,0,0,0,0,0,0,0,1,1,0,0,0,0,0,1.2,0,0,-1,,,
D. Wade,2003,4,3,MIA,34,1,0,1,1,0,0,1,0,0,0,0,0,0,0,0,0,0,0,0,0,0,0,0,0,0,-3,,,
D. Wade,2003,4,2,,,,,,,,,,,,,,,,,,,,,,,,,,,,,,,
D. Wade,2003,4,1,,,,,,,,,,,,,,,,,,,,,,,,,,,,,,,
D. Wade,2003,4,0.5,,,,,,,,,,,,,,,,,,,,,,,,,,,,,,,
D. Wade,2013,OT1,5,MIA,31,2,2,0,8,2,1,1,100,0,0,0,0,0,0,0,1,1,1,1,0,0,1,3.7,0,0,2,,,
D. Wade,2013,OT1,4,MIA,31,2,2,0,7,2,1,1,100,0,0,0,0,0,0,0,1,1,1,1,0,0,1,3.7,0,0,4,,,
D. Wade,2013,OT1,3,MIA,31,2,2,0,4,2,1,1,100,0,0,0,0,0,0,0,1,1,1,1,0,0,0,3.7,0,0,6,,,
D. Wade,2013,OT1,2,,,,,,,,,,,,,,,,,,,,,,,,,,,,,,,
D. Wade,2013,OT1,1,,,,,,,,,,,,,,,,,,,,,,,,,,,,,,,
D. Wade,2013,OT1,0.5,,,,,,,,,,,,,,,,,,,,,,,,,,,,,,,
D. Wade,2012,OT1,5,MIA,30,2,1,1,8,2,1,3,33.3,0,1,0,0,1,0,0,1,1,1,0,0,0,1,4.7,0,0,3,,,
D. Wade,2012,OT1,4,MIA,30,2,1,1,6,2,1,2,50,0,1,0,0,1,0,0,1,1,1,0,0,0,1,4.7,0,0,5,,,
D. Wade,2012,OT1,3,MIA,30,2,1,1,4,0,0,1,0,0,1,0,0,0,0,0,0,0,0,0,0,0,0,0,0,0,3,,,
D. Wade,2012,OT1,2,MIA,30,2,1,1,3,0,0,1,0,0,1,0,0,0,0,0,0,0,0,0,0,0,0,0,0,0,3,,,
D. Wade,2012,OT1,1,MIA,30,1,0,1,1,0,0,1,0,0,1,0,0,0,0,0,0,0,0,0,0,0,0,0,0,0,-1,,,
D. Wade,2012,OT1,0.5,MIA,30,1,0,1,1,0,0,1,0,0,1,0,0,0,0,0,0,0,0,0,0,0,0,0,0,0,-1,,,
D. Wade,2011,OT1,5,MIA,29,2,2,0,2,0,0,1,0,0,0,0,0,0,0,0,0,0,0,1,0,1,0,2,0,0,3,,,
D. Wade,2011,OT1,4,,,,,,,,,,,,,,,,,,,,,,,,,,,,,,,
D. Wade,2011,OT1,3,,,,,,,,,,,,,,,,,,,,,,,,,,,,,,,
D. Wade,2011,OT1,2,,,,,,,,,,,,,,,,,,,,,,,,,,,,,,,
D. Wade,2011,OT1,1,,,,,,,,,,,,,,,,,,,,,,,,,,,,,,,
D. Wade,2011,OT1,0.5,,,,,,,,,,,,,,,,,,,,,,,,,,,,,,,
D. Wade,2006,OT1,5,MIA,24,1,1,0,3,4,1,2,50,0,0,0,2,2,100,0,1,1,0,0,0,0,0,5.2,0,0,7,,,
D. Wade,2006,OT1,4,MIA,24,1,1,0,2,2,0,1,0,0,0,0,2,2,100,0,0,0,0,0,0,0,0,2,0,0,5,,,
D. Wade,2006,OT1,3,MIA,24,1,1,0,2,2,0,1,0,0,0,0,2,2,100,0,0,0,0,0,0,0,0,2,0,0,5,,,
D. Wade,2006,OT1,2,MIA,24,1,1,0,2,2,0,1,0,0,0,0,2,2,100,0,0,0,0,0,0,0,0,2,0,0,3,,,
D. Wade,2006,OT1,1,,,,,,,,,,,,,,,,,,,,,,,,,,,,,,,
D. Wade,2006,OT1,0.5,,,,,,,,,,,,,,,,,,,,,,,,,,,,,,,
D. Wade,2005,OT2,5,MIA,23,1,1,0,3,1,0,2,0,0,0,0,1,2,50,0,0,0,0,1,0,0,0,0,1,0,4,,,
D. Wade,2005,OT2,4,MIA,23,1,1,0,3,1,0,1,0,0,0,0,1,2,50,0,0,0,0,1,0,0,0,0,1,0,2,,,
D. Wade,2005,OT2,3,MIA,23,1,1,0,2,1,0,1,0,0,0,0,1,2,50,0,0,0,0,1,0,0,0,0,1,0,3,,,
D. Wade,2005,OT2,2,MIA,23,1,1,0,1,0,0,1,0,0,0,0,0,0,0,0,0,0,0,0,0,0,0,0,1,0,2,,,
D. Wade,2005,OT2,1,,,,,,,,,,,,,,,,,,,,,,,,,,,,,,,
D. Wade,2005,OT2,0.5,,,,,,,,,,,,,,,,,,,,,,,,,,,,,,,
T. Parker,2018,4,5,SAS,35,2,1,1,4,0,0,0,0,0,0,0,0,0,0,0,0,0,1,0,0,0,0,1.5,0,0,16,,,
T. Parker,2018,4,4,SAS,35,2,1,1,3,0,0,0,0,0,0,0,0,0,0,0,0,0,1,0,0,0,0,1.5,0,0,18,,,
T. Parker,2018,4,3,SAS,35,2,1,1,2,0,0,0,0,0,0,0,0,0,0,0,0,0,0,0,0,0,0,0,0,0,13,,,
T. Parker,2018,4,2,SAS,35,1,0,1,1,0,0,0,0,0,0,0,0,0,0,0,0,0,0,0,0,0,0,0,0,0,5,,,
T. Parker,2018,4,1,,,,,,,,,,,,,,,,,,,,,,,,,,,,,,,
T. Parker,2018,4,0.5,,,,,,,,,,,,,,,,,,,,,,,,,,,,,,,
T. Parker,2017,4,5,SAS,34,3,1,2,5,5,2,4,50,0,0,0,1,2,50,0,0,0,0,0,0,0,1,5,0,0,-8,,,
T. Parker,2017,4,4,SAS,34,2,0,2,4,3,1,3,33.3,0,0,0,1,2,50,0,0,0,0,0,0,0,1,3,0,0,-12,,,
T. Parker,2017,4,3,SAS,34,2,0,2,4,3,1,3,33.3,0,0,0,1,2,50,0,0,0,0,0,0,0,1,3,0,0,-10,,,
T. Parker,2017,4,2,SAS,34,2,0,2,3,3,1,3,33.3,0,0,0,1,2,50,0,0,0,0,0,0,0,1,3,0,0,-8,,,
T. Parker,2017,4,1,SAS,34,2,0,2,2,1,0,1,0,0,0,0,1,2,50,0,0,0,0,0,0,0,1,1,0,0,-8,,,
T. Parker,2017,4,0.5,SAS,34,2,0,2,1,0,0,1,0,0,0,0,0,0,0,0,0,0,0,0,0,0,1,0,0,0,-5,,,
T. Parker,2016,4,5,SAS,33,2,0,2,3,4,2,3,66.7,0,0,0,0,0,0,1,1,2,0,0,0,0,0,6.4,0,0,2,,,
T. Parker,2016,4,4,SAS,33,2,0,2,3,2,1,2,50,0,0,0,0,0,0,1,1,2,0,0,0,0,0,4.4,0,0,-2,,,
T. Parker,2016,4,3,SAS,33,1,0,1,2,2,1,2,50,0,0,0,0,0,0,1,1,2,0,0,0,0,0,4.4,0,0,0,,,
T. Parker,2016,4,2,SAS,33,1,0,1,2,2,1,2,50,0,0,0,0,0,0,1,1,2,0,0,0,0,0,4.4,0,0,0,,,
T. Parker,2016,4,1,,,,,,,,,,,,,,,,,,,,,,,,,,,,,,,
T. Parker,2016,4,0.5,,,,,,,,,,,,,,,,,,,,,,,,,,,,,,,
T. Parker,2015,4,5,SAS,33,2,0,2,3,4,2,3,66.7,0,0,0,0,0,0,1,1,2,0,0,0,0,0,6.4,0,0,2,,,
T. Parker,2015,4,4,SAS,33,2,0,2,3,2,1,2,50,0,0,0,0,0,0,1,1,2,0,0,0,0,0,4.4,0,0,-2,,,
T. Parker,2015,4,3,SAS,33,1,0,1,2,2,1,2,50,0,0,0,0,0,0,1,1,2,0,0,0,0,0,4.4,0,0,0,,,
T. Parker,2015,4,2,SAS,33,1,0,1,2,2,1,2,50,0,0,0,0,0,0,1,1,2,0,0,0,0,0,4.4,0,0,0,,,
T. Parker,2015,4,1,SAS,33,1,0,1,1,0,0,0,0,0,0,0,0,0,0,0,0,0,0,0,0,0,0,0,0,0,-2,,,
T. Parker,2015,4,0.5,,,,,,,,,,,,,,,,,,,,,,,,,,,,,,,
T. Parker,2014,4,5,SAS,32,6,3,3,11,7,3,4,75,1,1,100,0,0,0,0,2,2,3,1,0,0,1,12.9,0,0,12,,,
T. Parker,2014,4,4,SAS,32,5,2,3,8,7,3,3,100,1,1,100,0,0,0,0,1,1,1,1,0,0,1,8.7,0,0,5,,,
T. Parker,2014,4,3,SAS,32,4,1,3,4,5,2,2,100,1,1,100,0,0,0,0,0,0,1,1,0,0,1,5.5,0,0,0,,,
T. Parker,2014,4,2,SAS,32,4,1,3,3,2,1,1,100,0,0,0,0,0,0,0,0,0,1,1,0,0,1,2.5,0,0,1,,,
T. Parker,2014,4,1,SAS,32,4,1,3,2,2,1,1,100,0,0,0,0,0,0,0,0,0,1,1,0,0,1,2.5,0,0,3,,,
T. Parker,2014,4,0.5,,,,,,,,,,,,,,,,,,,,,,,,,,,,,,,
T. Parker,2013,4,5,SAS,31,6,3,3,12,7,3,6,50,1,1,100,0,0,0,0,0,0,0,0,2,0,0,13,1,0,6,,,
T. Parker,2013,4,4,SAS,31,6,3,3,11,7,3,6,50,1,1,100,0,0,0,0,0,0,0,0,2,0,0,13,1,0,6,,,
T. Parker,2013,4,3,SAS,31,6,3,3,8,7,3,4,75,1,1,100,0,0,0,0,0,0,0,0,2,0,0,13,1,0,9,,,
T. Parker,2013,4,2,SAS,31,6,3,3,6,7,3,4,75,1,1,100,0,0,0,0,0,0,0,0,2,0,0,13,1,0,12,,,
T. Parker,2013,4,1,SAS,31,6,3,3,3,4,2,3,66.7,0,0,0,0,0,0,0,0,0,0,0,0,0,0,4,1,0,7,,,
T. Parker,2013,4,0.5,SAS,31,6,3,3,2,0,0,1,0,0,0,0,0,0,0,0,0,0,0,0,0,0,0,0,1,0,-1,,,
T. Parker,2012,4,5,SAS,30,3,1,2,4,2,1,1,100,0,0,0,0,0,0,0,0,0,0,0,0,0,1,2,1,0,-5,,,
T. Parker,2012,4,4,SAS,30,3,1,2,3,2,1,1,100,0,0,0,0,0,0,0,0,0,0,0,0,0,1,2,1,0,-5,,,
T. Parker,2012,4,3,SAS,30,2,1,1,1,2,1,1,100,0,0,0,0,0,0,0,0,0,0,0,0,0,1,2,0,0,-2,,,
T. Parker,2012,4,2,,,,,,,,,,,,,,,,,,,,,,,,,,,,,,,
T. Parker,2012,4,1,,,,,,,,,,,,,,,,,,,,,,,,,,,,,,,
T. Parker,2012,4,0.5,,,,,,,,,,,,,,,,,,,,,,,,,,,,,,,
T. Parker,2011,4,5,SAS,29,4,1,3,8,1,0,3,0,0,0,0,1,1,100,0,1,1,1,0,0,1,0,6.7,0,0,-13,,,
T. Parker,2011,4,4,SAS,29,4,1,3,6,1,0,2,0,0,0,0,1,1,100,0,0,0,0,0,0,1,0,4,0,0,-12,,,
T. Parker,2011,4,3,SAS,29,3,1,2,4,0,0,1,0,0,0,0,0,0,0,0,0,0,0,0,0,1,0,3,0,0,-7,,,
T. Parker,2011,4,2,SAS,29,3,1,2,3,0,0,1,0,0,0,0,0,0,0,0,0,0,0,0,0,1,0,3,0,0,-4,,,
T. Parker,2011,4,1,SAS,29,3,1,2,2,0,0,0,0,0,0,0,0,0,0,0,0,0,0,0,0,1,0,3,0,0,-7,,,
T. Parker,2011,4,0.5,,,,,,,,,,,,,,,,,,,,,,,,,,,,,,,
T. Parker,2010,4,5,SAS,28,3,1,2,2,2,1,2,50,0,0,0,0,0,0,0,0,0,0,0,0,0,0,2,0,0,-2,,,
T. Parker,2010,4,4,SAS,28,3,1,2,1,2,1,2,50,0,0,0,0,0,0,0,0,0,0,0,0,0,0,2,0,0,-2,,,
T. Parker,2010,4,3,SAS,28,2,1,1,1,2,1,1,100,0,0,0,0,0,0,0,0,0,0,0,0,0,0,2,0,0,1,,,
T. Parker,2010,4,2,,,,,,,,,,,,,,,,,,,,,,,,,,,,,,,
T. Parker,2010,4,1,,,,,,,,,,,,,,,,,,,,,,,,,,,,,,,
T. Parker,2010,4,0.5,,,,,,,,,,,,,,,,,,,,,,,,,,,,,,,
T. Parker,2008,4,5,SAS,26,5,2,3,10,1,0,3,0,0,0,0,1,2,50,0,1,1,1,1,0,0,0,2.7,1,0,1,,,
T. Parker,2008,4,4,SAS,26,5,2,3,8,1,0,2,0,0,0,0,1,2,50,0,1,1,1,1,0,0,0,2.7,1,0,1,,,
T. Parker,2008,4,3,SAS,26,5,2,3,6,1,0,2,0,0,0,0,1,2,50,0,0,0,0,1,0,0,0,0,1,0,0,,,
T. Parker,2008,4,2,SAS,26,4,2,2,4,1,0,2,0,0,0,0,1,2,50,0,0,0,0,0,0,0,0,1,1,0,2,,,
T. Parker,2008,4,1,SAS,26,3,1,2,3,0,0,1,0,0,0,0,0,0,0,0,0,0,0,0,0,0,0,0,1,0,1,,,
T. Parker,2008,4,0.5,,,,,,,,,,,,,,,,,,,,,,,,,,,,,,,
T. Parker,2007,4,5,SAS,25,6,4,2,7,7,3,3,100,0,0,0,1,1,100,0,0,0,1,0,0,0,0,8.5,0,0,9,,,
T. Parker,2007,4,4,SAS,25,5,3,2,5,4,2,2,100,0,0,0,0,0,0,0,0,0,1,0,0,0,0,5.5,0,0,7,,,
T. Parker,2007,4,3,SAS,25,5,3,2,4,2,1,1,100,0,0,0,0,0,0,0,0,0,1,0,0,0,0,3.5,0,0,4,,,
T. Parker,2007,4,2,,,,,,,,,,,,,,,,,,,,,,,,,,,,,,,
T. Parker,2007,4,1,,,,,,,,,,,,,,,,,,,,,,,,,,,,,,,
T. Parker,2007,4,0.5,,,,,,,,,,,,,,,,,,,,,,,,,,,,,,,
T. Parker,2006,4,5,SAS,24,9,5,4,17,12,5,7,71.4,0,0,0,2,3,66.7,0,3,3,2,0,0,0,1,18.6,1,0,35,,,
T. Parker,2006,4,4,SAS,24,9,5,4,14,5,2,4,50,0,0,0,1,1,100,0,3,3,2,0,0,0,1,11.6,1,0,30,,,
T. Parker,2006,4,3,SAS,24,9,5,4,11,2,1,2,50,0,0,0,0,0,0,0,3,3,1,0,0,0,1,7.1,1,0,23,,,
T. Parker,2006,4,2,SAS,24,6,2,4,7,0,0,1,0,0,0,0,0,0,0,0,1,1,0,0,0,0,1,1.2,1,0,14,,,
T. Parker,2006,4,1,,,,,,,,,,,,,,,,,,,,,,,,,,,,,,,
T. Parker,2006,4,0.5,,,,,,,,,,,,,,,,,,,,,,,,,,,,,,,
T. Parker,2005,4,5,SAS,23,8,4,4,24,6,3,5,60,0,0,0,0,0,0,0,0,0,1,1,0,0,3,6.5,0,0,5,,,
T. Parker,2005,4,4,SAS,23,8,4,4,20,6,3,5,60,0,0,0,0,0,0,0,0,0,1,1,0,0,2,6.5,0,0,6,,,
T. Parker,2005,4,3,SAS,23,8,4,4,15,4,2,4,50,0,0,0,0,0,0,0,0,0,1,0,0,0,0,5.5,0,0,6,,,
T. Parker,2005,4,2,SAS,23,7,3,4,9,2,1,3,33.3,0,0,0,0,0,0,0,0,0,1,0,0,0,0,3.5,0,0,1,,,
T. Parker,2005,4,1,SAS,23,6,3,3,4,2,1,1,100,0,0,0,0,0,0,0,0,0,0,0,0,0,0,2,0,0,1,,,
T. Parker,2005,4,0.5,SAS,23,5,3,2,2,2,1,1,100,0,0,0,0,0,0,0,0,0,0,0,0,0,0,2,0,0,4,,,
T. Parker,2003,4,5,SAS,21,6,0,6,12,4,2,3,66.7,0,0,0,0,0,0,0,2,2,0,1,0,0,4,5.4,0,0,-1,,,
T. Parker,2003,4,4,SAS,21,6,0,6,11,4,2,3,66.7,0,0,0,0,0,0,0,2,2,0,1,0,0,4,5.4,0,0,-7,,,
T. Parker,2003,4,3,SAS,21,6,0,6,9,4,2,3,66.7,0,0,0,0,0,0,0,1,1,0,1,0,0,4,4.2,0,0,-3,,,
T. Parker,2003,4,2,SAS,21,6,0,6,7,2,1,2,50,0,0,0,0,0,0,0,1,1,0,1,0,0,4,2.2,0,0,-8,,,
T. Parker,2003,4,1,SAS,21,6,0,6,4,2,1,2,50,0,0,0,0,0,0,0,0,0,0,1,0,0,4,1,0,0,-11,,,
T. Parker,2003,4,0.5,SAS,21,6,0,6,2,0,0,1,0,0,0,0,0,0,0,0,0,0,0,1,0,0,4,-1,0,0,-12,,,
T. Parker,2002,4,5,SAS,20,5,0,5,12,0,0,1,0,0,0,0,0,0,0,0,1,1,1,0,0,0,0,2.7,0,0,-24,,,
T. Parker,2002,4,4,SAS,20,4,0,4,8,0,0,0,0,0,0,0,0,0,0,0,1,1,1,0,0,0,0,2.7,0,0,-16,,,
T. Parker,2002,4,3,,,,,,,,,,,,,,,,,,,,,,,,,,,,,,,
T. Parker,2002,4,2,,,,,,,,,,,,,,,,,,,,,,,,,,,,,,,
T. Parker,2002,4,1,,,,,,,,,,,,,,,,,,,,,,,,,,,,,,,
T. Parker,2002,4,0.5,,,,,,,,,,,,,,,,,,,,,,,,,,,,,,,
T. Parker,2018,OT1,5,SAS,35,1,0,1,4,2,1,1,100,0,0,0,0,0,0,0,0,0,0,1,0,0,1,1,0,0,-1,,,
T. Parker,2018,OT1,4,,,,,,,,,,,,,,,,,,,,,,,,,,,,,,,
T. Parker,2018,OT1,3,,,,,,,,,,,,,,,,,,,,,,,,,,,,,,,
T. Parker,2018,OT1,2,,,,,,,,,,,,,,,,,,,,,,,,,,,,,,,
T. Parker,2018,OT1,1,,,,,,,,,,,,,,,,,,,,,,,,,,,,,,,
T. Parker,2018,OT1,0.5,,,,,,,,,,,,,,,,,,,,,,,,,,,,,,,
T. Parker,2013,OT1,5,SAS,31,5,3,2,8,0,0,3,0,0,0,0,0,0,0,1,0,1,4,0,0,0,1,7.2,1,0,10,,,
T. Parker,2013,OT1,4,SAS,31,3,2,1,5,0,0,3,0,0,0,0,0,0,0,1,0,1,1,0,0,0,0,2.7,1,0,11,,,
T. Parker,2013,OT1,3,SAS,31,3,2,1,3,0,0,3,0,0,0,0,0,0,0,1,0,1,1,0,0,0,0,2.7,1,0,9,,,
T. Parker,2013,OT1,2,SAS,31,2,1,1,1,0,0,2,0,0,0,0,0,0,0,1,0,1,0,0,0,0,0,1.2,0,0,2,,,
T. Parker,2013,OT1,1,SAS,31,2,1,1,1,0,0,1,0,0,0,0,0,0,0,0,0,0,0,0,0,0,0,0,0,0,0,,,
T. Parker,2013,OT1,0.5,,,,,,,,,,,,,,,,,,,,,,,,,,,,,,,
T. Parker,2011,OT1,5,SAS,29,1,1,0,2,6,3,4,75,0,0,0,0,0,0,0,0,0,0,0,0,0,0,6,0,0,8,,,
T. Parker,2011,OT1,4,SAS,29,1,1,0,1,4,2,3,66.7,0,0,0,0,0,0,0,0,0,0,0,0,0,0,4,0,0,6,,,
T. Parker,2011,OT1,3,SAS,29,1,1,0,1,2,1,2,50,0,0,0,0,0,0,0,0,0,0,0,0,0,0,2,0,0,4,,,
T. Parker,2011,OT1,2,SAS,29,1,1,0,0,2,1,1,100,0,0,0,0,0,0,0,0,0,0,0,0,0,0,2,0,0,2,,,
T. Parker,2011,OT1,1,,,,,,,,,,,,,,,,,,,,,,,,,,,,,,,
T. Parker,2011,OT1,0.5,,,,,,,,,,,,,,,,,,,,,,,,,,,,,,,
T. Parker,2008,OT1,5,SAS,26,1,1,0,4,0,0,1,0,0,0,0,0,0,0,0,0,0,1,0,0,0,0,1.5,0,0,-6,,,
T. Parker,2008,OT1,4,,,,,,,,,,,,,,,,,,,,,,,,,,,,,,,
T. Parker,2008,OT1,3,,,,,,,,,,,,,,,,,,,,,,,,,,,,,,,
T. Parker,2008,OT1,2,,,,,,,,,,,,,,,,,,,,,,,,,,,,,,,
T. Parker,2008,OT1,1,,,,,,,,,,,,,,,,,,,,,,,,,,,,,,,
T. Parker,2008,OT1,0.5,,,,,,,,,,,,,,,,,,,,,,,,,,,,,,,
T. Parker,2006,OT1,5,SAS,24,3,1,2,7,4,2,3,66.7,0,0,0,0,0,0,0,0,0,0,0,0,0,0,4,1,0,-12,,,
T. Parker,2006,OT1,4,SAS,24,3,1,2,5,4,2,3,66.7,0,0,0,0,0,0,0,0,0,0,0,0,0,0,4,1,0,-11,,,
T. Parker,2006,OT1,3,SAS,24,2,0,2,3,0,0,0,0,0,0,0,0,0,0,0,0,0,0,0,0,0,0,0,0,0,-11,,,
T. Parker,2006,OT1,2,,,,,,,,,,,,,,,,,,,,,,,,,,,,,,,
T. Parker,2006,OT1,1,,,,,,,,,,,,,,,,,,,,,,,,,,,,,,,
T. Parker,2006,OT1,0.5,,,,,,,,,,,,,,,,,,,,,,,,,,,,,,,
D. Rose,2009,4,5,CHI,20,6,3,3,11,11,4,5,80,0,0,0,3,3,100,1,2,3,1,2,0,0,3,14.1,2,0,12,,,
D. Rose,2009,4,4,CHI,20,5,3,2,8,9,3,4,75,0,0,0,3,3,100,0,2,2,1,2,0,0,3,10.9,2,0,18,,,
D. Rose,2009,4,3,CHI,20,5,3,2,7,7,2,3,66.7,0,0,0,3,3,100,0,1,1,0,1,0,0,2,7.2,2,0,15,,,
D. Rose,2009,4,2,CHI,20,5,3,2,4,5,1,2,50,0,0,0,3,3,100,0,1,1,0,1,0,0,0,5.2,2,0,12,,,
D. Rose,2009,4,1,CHI,20,5,3,2,4,5,1,2,50,0,0,0,3,3,100,0,1,1,0,1,0,0,0,5.2,2,0,11,,,
D. Rose,2009,4,0.5,CHI,20,5,3,2,2,2,0,1,0,0,0,0,2,2,100,0,1,1,0,0,0,0,0,3.2,2,0,5,,,
D. Rose,2015,4,5,CHI,26,6,2,4,6,7,2,4,50,1,2,50,2,4,50,0,2,2,1,1,0,1,0,12.9,0,0,-5,,,
D. Rose,2015,4,4,CHI,26,5,2,3,5,7,2,4,50,1,2,50,2,4,50,0,2,2,1,1,0,1,0,12.9,0,0,-2,,,
D. Rose,2015,4,3,CHI,26,5,2,3,5,7,2,4,50,1,2,50,2,4,50,0,2,2,1,1,0,1,0,12.9,0,0,-2,,,
D. Rose,2015,4,2,CHI,26,5,2,3,5,6,2,4,50,1,2,50,1,2,50,0,2,2,1,1,0,1,0,11.9,0,0,-3,,,
D. Rose,2015,4,1,CHI,26,5,2,3,3,6,2,3,66.7,1,1,100,1,2,50,0,2,2,1,1,0,0,0,8.9,0,0,2,,,
D. Rose,2015,4,0.5,CHI,26,5,2,3,2,6,2,2,100,1,1,100,1,2,50,0,0,0,0,1,0,0,0,5,0,0,-1,,,
D. Rose,2011,4,5,CHI,22,7,2,5,11,11,4,9,44.4,0,1,0,3,5,60,0,1,1,2,2,0,0,0,13.2,2,0,-2,,,
D. Rose,2011,4,4,CHI,22,7,2,5,8,9,3,7,42.9,0,1,0,3,5,60,0,1,1,1,2,0,0,0,9.7,2,0,3,,,
D. Rose,2011,4,3,CHI,22,6,2,4,7,9,3,6,50,0,1,0,3,5,60,0,1,1,1,2,0,0,0,9.7,1,0,7,,,
D. Rose,2011,4,2,CHI,22,5,2,3,6,7,2,5,40,0,1,0,3,5,60,0,1,1,1,2,0,0,0,7.7,1,0,7,,,
D. Rose,2011,4,1,CHI,22,5,2,3,4,3,1,4,25,0,1,0,1,2,50,0,0,0,1,1,0,0,0,3.5,1,0,1,,,
D. Rose,2011,4,0.5,CHI,22,4,1,3,2,3,1,4,25,0,1,0,1,2,50,0,0,0,0,0,0,0,0,3,1,0,-,,,
D. Rose,2010,4,5,CHI,21,2,0,2,2,2,0,2,0,0,0,0,2,2,100,0,0,0,0,0,0,0,0,2,0,0,-4,,,
D. Rose,2010,4,4,CHI,21,1,0,1,2,2,0,2,0,0,0,0,2,2,100,0,0,0,0,0,0,0,0,2,0,0,-1,,,
D. Rose,2010,4,3,CHI,21,1,0,1,2,2,0,2,0,0,0,0,2,2,100,0,0,0,0,0,0,0,0,2,0,0,-1,,,
D. Rose,2010,4,2,CHI,21,1,0,1,2,2,0,2,0,0,0,0,2,2,100,0,0,0,0,0,0,0,0,2,0,0,-1,,,
D. Rose,2010,4,1,CHI,21,1,0,1,1,0,0,1,0,0,0,0,0,0,0,0,0,0,0,0,0,0,0,0,0,0,-1,,,
D. Rose,2010,4,0.5,CHI,21,1,0,1,0,0,0,1,0,0,0,0,0,0,0,0,0,0,0,0,0,0,0,0,0,0,-1,,,
D. Rose,2009,4,5,CHI,20,6,3,3,11,11,4,5,80,0,0,0,3,3,100,1,2,3,1,2,0,0,3,14.1,2,0,12,,,
D. Rose,2009,4,4,CHI,20,5,3,2,8,9,3,4,75,0,0,0,3,3,100,0,2,2,1,2,0,0,3,10.9,2,0,18,,,
D. Rose,2009,4,3,CHI,20,5,3,2,7,7,2,3,66.7,0,0,0,3,3,100,0,1,1,0,1,0,0,2,7.2,2,0,15,,,
D. Rose,2009,4,2,CHI,20,5,3,2,4,5,1,2,50,0,0,0,3,3,100,0,1,1,0,1,0,0,0,5.2,2,0,12,,,
D. Rose,2009,4,1,CHI,20,5,3,2,4,5,1,2,50,0,0,0,3,3,100,0,1,1,0,1,0,0,0,5.2,2,0,11,,,
D. Rose,2009,4,0.5,CHI,20,5,3,2,2,2,0,1,0,0,0,0,2,2,100,0,1,1,0,0,0,0,0,3.2,2,0,5,,,
D. Rose,2011,OT1,5,CHI,22,1,0,1,3,0,0,1,0,0,1,0,0,0,0,0,0,0,0,0,0,0,0,0,0,0,-7,,,
D. Rose,2011,OT1,4,CHI,22,1,0,1,2,0,0,1,0,0,1,0,0,0,0,0,0,0,0,0,0,0,0,0,0,0,-7,,,
D. Rose,2011,OT1,3,,,,,,,,,,,,,,,,,,,,,,,,,,,,,,,
D. Rose,2011,OT1,2,,,,,,,,,,,,,,,,,,,,,,,,,,,,,,,
D. Rose,2011,OT1,1,,,,,,,,,,,,,,,,,,,,,,,,,,,,,,,
D. Rose,2011,OT1,0.5,,,,,,,,,,,,,,,,,,,,,,,,,,,,,,,
D. Rose,2009,OT1,5,CHI,20,4,3,1,15,2,1,3,33.3,0,0,0,0,0,0,2,1,3,3,1,1,0,1,12.1,2,0,5,,,
D. Rose,2009,OT1,4,CHI,20,4,3,1,11,2,1,2,50,0,0,0,0,0,0,1,1,2,1,1,1,0,1,7.9,2,0,7,,,
D. Rose,2009,OT1,3,CHI,20,4,3,1,8,2,1,1,100,0,0,0,0,0,0,0,1,1,1,1,1,0,1,6.7,2,0,1,,,
D. Rose,2009,OT1,2,CHI,20,4,3,1,6,2,1,1,100,0,0,0,0,0,0,0,1,1,1,1,1,0,0,6.7,2,0,5,,,
D. Rose,2009,OT1,1,,,,,,,,,,,,,,,,,,,,,,,,,,,,,,,
D. Rose,2009,OT1,0.5,,,,,,,,,,,,,,,,,,,,,,,,,,,,,,,
S. Curry,2019,4,5,GSW,31,7,3,4,13,7,2,11,18.2,1,5,20,2,2,100,1,0,1,1,2,0,0,0,7.7,1,1,14,22,,
S. Curry,2019,4,4,GSW,31,7,3,4,11,5,1,9,11.1,1,4,25,2,2,100,1,0,1,1,2,0,0,0,5.7,1,1,16,,,
S. Curry,2019,4,3,GSW,31,6,2,4,8,5,1,8,12.5,1,4,25,2,2,100,1,0,1,0,2,0,0,0,4.2,,,-5,,,
S. Curry,2019,4,2,GSW,31,5,2,3,5,3,1,6,16.7,1,4,25,0,0,0,1,0,1,0,1,0,0,0,3.2,1,1,5,,,
S. Curry,2019,4,1,GSW,31,5,2,3,3,3,1,5,20,1,4,25,0,0,0,1,0,1,0,1,0,0,0,3.2,1,1,4,,,
S. Curry,2019,4,0.5,GSW,31,4,1,3,2,0,0,3,0,0,2,0,0,0,0,1,0,1,0,1,0,0,0,0.2,1,1,-4,,,
S. Curry,2018,4,5,GSW,30,4,2,2,8,6,2,6,33.3,0,1,0,2,2,100,0,1,1,0,0,0,0,0,7.2,0,0,-5,,,
S. Curry,2018,4,4,GSW,30,4,2,2,7,6,2,6,33.3,0,1,0,2,2,100,0,1,1,0,0,0,0,0,7.2,0,0,-4,,,
S. Curry,2018,4,3,GSW,30,4,2,2,6,5,2,6,33.3,0,1,0,1,1,100,0,1,1,0,0,0,0,0,6.2,0,0,-3,,,
S. Curry,2018,4,2,GSW,30,3,1,2,4,3,1,4,25,0,1,0,1,1,100,0,0,0,0,0,0,0,0,3,0,0,-2,,,
S. Curry,2018,4,1,GSW,30,3,1,2,3,3,1,3,33.3,0,0,0,1,1,100,0,0,0,0,0,0,0,0,3,0,0,-1,,,
S. Curry,2018,4,0.5,GSW,30,3,1,2,1,3,1,2,50,0,0,0,1,1,100,0,0,0,0,0,0,0,0,3,0,0,-1,,,
S. Curry,2017,4,5,GSW,29,2,2,0,4,3,1,2,50,1,2,50,0,0,0,1,0,1,0,0,0,0,1,4.2,1,0,3,,,
S. Curry,2017,4,4,GSW,29,2,2,0,3,3,1,2,50,1,2,50,0,0,0,1,0,1,0,0,0,0,0,4.2,1,0,3,,,
S. Curry,2017,4,3,GSW,29,2,2,0,2,3,1,2,50,1,2,50,0,0,0,1,0,1,0,0,0,0,0,4.2,1,0,6,,,
S. Curry,2017,4,2,GSW,29,2,2,0,1,3,1,2,50,1,2,50,0,0,0,1,0,1,0,0,0,0,0,4.2,1,0,8,,,
S. Curry,2017,4,1,,,,,,,,,,,,,,,,,,,,,,,,,,,,,,,
S. Curry,2017,4,0.5,,,,,,,,,,,,,,,,,,,,,,,,,,,,,,,
S. Curry,2016,4,5,GSW,28,4,2,2,13,6,2,8,25,2,6,33.3,0,0,0,0,2,2,2,1,0,0,1,10.4,2,0,1,,,
S. Curry,2016,4,4,GSW,28,4,2,2,12,3,1,6,16.7,1,4,25,0,0,0,0,2,2,2,1,0,0,1,7.4,2,0,-4,,,
S. Curry,2016,4,3,GSW,28,4,2,2,10,3,1,6,16.7,1,4,25,0,0,0,0,2,2,2,1,0,0,1,7.4,,,,,,
S. Curry,2016,4,2,GSW,28,4,2,2,6,0,0,4,0,0,3,0,0,0,0,0,2,2,2,0,0,0,0,5.4,2,0,-5,,,
S. Curry,2016,4,1,GSW,28,3,1,2,3,0,0,2,0,0,1,0,0,0,0,0,1,1,1,0,0,0,0,2.7,1,0,-6,,,
S. Curry,2016,4,0.5,GSW,28,3,1,2,1,0,0,1,0,0,0,0,0,0,0,0,1,1,0,0,0,0,0,1.2,1,0,-2,,,
S. Curry,2015,4,5,GSW,27,4,2,2,7,9,4,8,50,1,4,25,0,0,0,0,0,0,0,0,0,0,3,9,0,0,1,,,
S. Curry,2015,4,4,GSW,27,4,2,2,5,9,4,6,66.7,1,2,50,0,0,0,0,0,0,0,0,0,0,3,9,0,0,,,,
S. Curry,2015,4,3,GSW,27,4,2,2,5,7,3,5,60,1,2,50,0,0,0,0,0,0,0,0,0,0,3,7,0,0,1,,,
S. Curry,2015,4,2,GSW,27,4,2,2,4,7,3,5,60,1,2,50,0,0,0,0,0,0,0,0,0,0,2,7,0,0,4,,,
S. Curry,2015,4,1,GSW,27,4,2,2,2,7,3,5,60,1,2,50,0,0,0,0,0,0,0,0,0,0,1,7,0,0,4,,,
S. Curry,2015,4,0.5,GSW,27,4,2,2,1,5,2,4,50,1,2,50,0,0,0,0,0,0,0,0,0,0,1,5,0,0,2,,,
S. Curry,2014,4,5,GSW,26,3,1,2,7,2,0,4,0,0,1,0,2,2,100,0,1,1,1,1,0,0,2,3.7,1,0,-7,,,
S. Curry,2014,4,4,GSW,26,3,1,2,6,2,0,4,0,0,1,0,2,2,100,0,1,1,0,1,0,0,2,2.2,1,0,-12,,,
S. Curry,2014,4,3,GSW,26,3,1,2,5,2,0,4,0,0,1,0,2,2,100,0,1,1,0,1,0,0,2,2.2,1,0,-8,,,
S. Curry,2014,4,2,GSW,26,3,1,2,3,0,0,4,0,0,1,0,0,0,0,0,0,0,0,0,0,0,2,0,,,,,,
S. Curry,2014,4,1,GSW,26,3,1,2,2,0,0,2,0,0,1,0,0,0,0,0,0,0,0,0,0,0,2,0,1,0,-8,,,
S. Curry,2014,4,0.5,GSW,26,3,1,2,1,0,0,2,0,0,1,0,0,0,0,0,0,0,0,0,0,0,2,0,,,,,,
S. Curry,2013,4,5,GSW,25,4,1,3,7,3,1,6,16.7,1,2,50,0,0,0,0,0,0,0,1,0,0,1,2,1,0,-7,,,
S. Curry,2013,4,4,GSW,25,4,1,3,6,3,1,4,25,1,2,50,0,0,0,0,0,0,0,1,0,0,1,2,1,0,-7,,,
S. Curry,2013,4,3,GSW,25,4,1,3,6,3,1,4,25,1,2,50,0,0,0,0,0,0,0,1,0,0,0,2,1,0,-4,,,
S. Curry,2013,4,2,GSW,25,3,1,2,4,3,1,3,33.3,1,1,100,0,0,0,0,0,0,0,1,0,0,0,2,1,0,1,,,
S. Curry,2013,4,1,GSW,25,3,1,2,3,3,1,2,50,1,1,100,0,0,0,0,0,0,0,1,0,0,0,2,1,0,1,,,
S. Curry,2013,4,0.5,GSW,25,3,1,2,1,3,1,2,50,1,1,100,0,0,0,0,0,0,0,0,0,0,0,3,1,0,1,,,
S. Curry,2019,OT,5,GSW,31,2,1,1,6,0,0,2,0,0,1,0,0,0,0,0,0,0,0,0,0,0,1,0,1,1,-6,,,
S. Curry,2019,OT,4,GSW,31,2,1,1,4,0,0,2,0,0,1,0,0,0,0,0,0,0,0,0,0,0,1,0,1,1,-5,,,
S. Curry,2019,OT,3,GSW,31,2,1,1,3,0,0,2,0,0,1,0,0,0,0,0,0,0,0,0,0,0,1,0,1,1,-4,,,
S. Curry,2019,OT,2,GSW,31,2,1,1,2,0,0,2,0,0,1,0,0,0,0,0,0,0,0,0,0,0,0,0,1,1,-3,,,
S. Curry,2019,OT,1,GSW,31,1,0,1,1,0,0,0,0,0,0,0,0,0,0,0,0,0,0,0,0,0,0,0,0,0,-5,,,
S. Curry,2019,OT,0.5,GSW,31,1,0,1,0,0,0,0,0,0,0,0,0,0,0,0,0,0,0,0,0,0,0,0,0,0,-2,,,
S. Curry,2018,OT,5,,,,,,,,,,,,,,,,,,,,,,,,,,,,,,,
S. Curry,2018,OT,4,,,,,,,,,,,,,,,,,,,,,,,,,,,,,,,
S. Curry,2018,OT,3,,,,,,,,,,,,,,,,,,,,,,,,,,,,,,,
S. Curry,2018,OT,2,,,,,,,,,,,,,,,,,,,,,,,,,,,,,,,
S. Curry,2018,OT,1,,,,,,,,,,,,,,,,,,,,,,,,,,,,,,,
S. Curry,2018,OT,0.5,,,,,,,,,,,,,,,,,,,,,,,,,,,,,,,
S. Curry,2017,OT,5,,,,,,,,,,,,,,,,,,,,,,,,,,,,,,,
S. Curry,2017,OT,4,,,,,,,,,,,,,,,,,,,,,,,,,,,,,,,
S. Curry,2017,OT,3,,,,,,,,,,,,,,,,,,,,,,,,,,,,,,,
S. Curry,2017,OT,2,,,,,,,,,,,,,,,,,,,,,,,,,,,,,,,
S. Curry,2017,OT,1,,,,,,,,,,,,,,,,,,,,,,,,,,,,,,,
S. Curry,2017,OT,0.5,,,,,,,,,,,,,,,,,,,,,,,,,,,,,,,
S. Curry,2016,OT,5,GSW,28,1,1,0,2,9,4,4,100,1,1,100,0,0,0,1,0,1,0,0,0,0,1,10.2,0,0,5,,,
S. Curry,2016,OT,4,GSW,28,1,1,0,2,7,3,3,100,1,1,100,0,0,0,1,0,1,0,0,0,0,1,8.2,0,0,3,,,
S. Curry,2016,OT,3,GSW,28,1,1,0,1,4,2,2,100,0,0,0,0,0,0,1,0,1,0,0,0,0,0,5.2,0,0,2,,,
S. Curry,2016,OT,2,,,,,,,,,,,,,,,,,,,,,,,,,,,,,,,
S. Curry,2016,OT,1,,,,,,,,,,,,,,,,,,,,,,,,,,,,,,,
S. Curry,2016,OT,0.5,,,,,,,,,,,,,,,,,,,,,,,,,,,,,,,
S. Curry,2015,OT,5,GSW,27,3,2,1,6,6,1,3,33.3,1,2,50,3,3,100,0,1,1,0,3,0,0,0,4.2,0,0,2,,,
S. Curry,2015,OT,4,GSW,27,2,1,1,4,3,0,1,0,0,0,0,3,3,100,0,0,0,0,2,0,0,0,1,0,0,-1,,,
S. Curry,2015,OT,3,GSW,27,1,0,1,2,2,0,1,0,0,0,0,2,2,100,0,0,0,0,2,0,0,0,0,0,0,2,,,
S. Curry,2015,OT,2,GSW,27,1,0,1,2,2,0,1,0,0,0,0,2,2,100,0,0,0,0,2,0,0,0,0,0,0,0,,,
S. Curry,2015,OT,1,GSW,27,1,0,1,1,2,0,1,0,0,0,0,2,2,100,0,0,0,0,1,0,0,0,1,0,0,0,,,
S. Curry,2015,OT,0.5,GSW,27,1,0,1,0,2,0,1,0,0,0,0,2,2,100,0,0,0,0,1,0,0,0,1,0,0,0,,,
S. Curry,2014,OT,5,,,,,,,,,,,,,,,,,,,,,,,,,,,,,,,
S. Curry,2014,OT,4,,,,,,,,,,,,,,,,,,,,,,,,,,,,,,,
S. Curry,2014,OT,3,,,,,,,,,,,,,,,,,,,,,,,,,,,,,,,
S. Curry,2014,OT,2,,,,,,,,,,,,,,,,,,,,,,,,,,,,,,,
S. Curry,2014,OT,1,,,,,,,,,,,,,,,,,,,,,,,,,,,,,,,
S. Curry,2014,OT,0.5,,,,,,,,,,,,,,,,,,,,,,,,,,,,,,,
S. Curry,2013,OT,5,GSW,25,2,1,1,3,2,1,3,33.3,0,1,0,0,0,0,0,0,0,0,0,1,0,0,5,1,0,4,,,
S. Curry,2013,OT,4,GSW,25,1,0,1,2,2,1,3,33.3,0,1,0,0,0,0,0,0,0,0,0,1,0,0,5,1,0,0,,,
S. Curry,2013,OT,3,GSW,25,1,0,1,2,2,1,3,33.3,0,1,0,0,0,0,0,0,0,0,0,1,0,0,5,1,0,0,,,
S. Curry,2013,OT,2,GSW,25,1,0,1,2,2,1,3,33.3,0,1,0,0,0,0,0,0,0,0,0,1,0,0,5,1,0,2,,,
S. Curry,2013,OT,1,GSW,25,1,0,1,1,0,0,1,0,0,1,0,0,0,0,0,0,0,0,0,0,0,0,0,1,0,2,,,
S. Curry,2013,OT,0.5,GSW,25,1,0,1,1,0,0,0,0,0,0,0,0,0,0,0,0,0,0,0,0,0,0,0,1,0,2,,,
S. Curry,2013,OT2,5,GSW,25,1,0,1,3,2,1,3,33.3,0,1,0,0,0,0,0,0,0,2,0,0,0,0,5,1,0,3,,,
S. Curry,2013,OT3,4,GSW,25,1,0,1,3,2,1,2,50,0,0,0,0,0,0,0,0,0,2,0,0,0,0,5,1,0,3,,,
S. Curry,2013,OT4,3,GSW,25,1,0,1,2,2,1,2,50,0,0,0,0,0,0,0,0,0,1,0,0,0,0,3.5,1,0,0,,,
S. Curry,2013,OT5,2,GSW,25,1,0,1,2,2,1,2,50,0,0,0,0,0,0,0,0,0,1,0,0,0,0,3.5,1,0,0,,,
S. Curry,2013,OT6,1,GSW,25,1,0,1,1,2,1,1,100,0,0,0,0,0,0,0,0,0,1,0,0,0,0,3.5,1,0,4,,,
S. Curry,2013,OT7,0.5,GSW,25,1,0,1,1,0,0,0,0,0,0,0,0,0,0,0,0,0,1,0,0,0,0,1.5,1,0,2,,,
L. James,2019,4,5,,,,,,,,,,,,,,,,,,,,,,,,,,,,,,,
L. James,2019,4,4,,,,,,,,,,,,,,,,,,,,,,,,,,,,,,,
L. James,2019,4,3,,,,,,,,,,,,,,,,,,,,,,,,,,,,,,,
L. James,2019,4,2,,,,,,,,,,,,,,,,,,,,,,,,,,,,,,,
L. James,2019,4,1,,,,,,,,,,,,,,,,,,,,,,,,,,,,,,,
L. James,2019,4,0.5,,,,,,,,,,,,,,,,,,,,,,,,,,,,,,,
L. James,2018,4,5,CLE,33,7,4,3,13,14,5,9,55.6,1,3,33.3,3,4,75,0,2,2,0,2,0,2,1,20.4,5,2,-4,,,
L. James,2018,4,4,CLE,33,7,4,3,11,12,5,9,55.6,1,3,33.3,1,2,50,0,2,2,0,1,0,2,1,19.4,5,2,0,,,
L. James,2018,4,3,CLE,33,6,3,3,8,11,5,8,62.5,1,2,50,0,0,0,0,2,2,0,1,0,1,1,15.4,4,2,-6,,,
L. James,2018,4,2,CLE,33,6,3,3,5,11,5,6,83.3,1,1,100,0,0,0,0,2,2,0,1,0,1,1,15.4,4,2,2,,,
L. James,2018,4,1,CLE,33,6,3,3,3,11,5,6,83.3,1,1,100,0,0,0,0,1,1,0,1,0,1,0,14.2,4,2,7,,,
L. James,2018,4,0.5,CLE,33,5,3,2,2,5,2,3,66.7,1,1,100,0,0,0,0,1,1,0,1,0,1,0,8.2,3,1,4,,,
L. James,2017,4,5,CLE,32,5,3,2,6,7,3,8,37.5,1,3,33.3,0,0,0,1,0,1,2,2,0,0,0,9.2,4,1,6,,,
L. James,2017,4,4,CLE,32,4,2,2,6,5,2,6,33.3,1,3,33.3,0,0,0,1,0,1,2,2,0,0,0,7.2,3,0,4,,,
L. James,2017,4,3,CLE,32,4,2,2,5,3,1,4,25,1,2,50,0,0,0,1,0,1,2,2,0,0,0,5.2,3,0,-1,,,
L. James,2017,4,2,CLE,32,3,1,2,3,3,1,2,50,1,2,50,0,0,0,1,0,1,1,1,0,0,0,4.7,2,0,-5,,,
L. James,2017,4,1,CLE,32,2,0,2,2,0,0,1,0,0,1,0,0,0,0,1,0,1,1,1,0,0,0,1.7,1,0,-5,,,
L. James,2017,4,0.5,CLE,32,2,0,2,1,0,0,1,0,0,1,0,0,0,0,1,0,1,0,1,0,0,0,0.2,1,0,-4,,,
L. James,2016,4,5,CLE,31,4,3,1,8,5,2,12,16.7,1,1,100,0,0,0,3,2,5,3,2,0,1,2,16.5,2,1,9,,,
L. James,2016,4,4,CLE,31,3,2,1,6,2,1,9,11.1,0,0,0,0,0,0,3,2,5,1,1,0,1,2,11.5,2,1,1,,,
L. James,2016,4,3,CLE,31,3,2,1,3,2,1,6,16.7,0,0,0,0,0,0,3,1,4,0,1,0,1,1,8.8,2,1,2,,,
L. James,2016,4,2,CLE,31,3,2,1,2,2,1,6,16.7,0,0,0,0,0,0,3,0,3,0,0,0,1,0,8.6,2,1,3,,,
L. James,2016,4,1,CLE,31,1,1,0,0,0,0,0,0,0,0,0,0,0,0,0,0,0,0,0,0,0,0,0,1,1,3,,,
L. James,2016,4,0.5,,,,,,,,,,,,,,,,,,,,,,,,,,,,,,,
L. James,2015,4,5,CLE,30,7,3,4,14,11,4,12,33.3,1,2,50,2,2,100,0,2,2,3,3,0,0,2,14.9,6,3,-3,,,
L. James,2015,4,4,CLE,30,5,3,2,12,9,3,10,30,1,2,50,2,2,100,0,1,1,3,2,0,0,2,12.7,4,2,4,,,
L. James,2015,4,3,CLE,30,5,3,2,9,7,2,8,25,1,2,50,2,2,100,0,1,1,3,2,0,0,2,10.7,4,2,4,,,
L. James,2015,4,2,CLE,30,5,3,2,6,4,1,6,16.7,0,0,0,2,2,100,0,0,0,2,2,0,0,2,5,4,2,3,,,
L. James,2015,4,1,CLE,30,5,3,2,4,4,1,5,20,0,0,0,2,2,100,0,0,0,2,1,0,0,1,6,4,2,5,,,
L. James,2015,4,0.5,CLE,30,5,3,2,2,2,1,5,20,0,0,0,0,0,0,0,0,0,1,1,0,0,1,2.5,4,2,1,,,
L. James,2014,4,5,MIA,29,6,4,2,12,14,4,6,66.7,2,3,66.7,4,4,100,0,0,0,1,0,0,1,0,18.5,1,0,11,,,
L. James,2014,4,4,MIA,29,5,3,2,10,7,2,4,50,1,2,50,2,2,100,0,0,0,1,0,0,1,0,11.5,1,0,7,,,
L. James,2014,4,3,MIA,29,4,3,1,6,4,1,2,50,0,1,0,2,2,100,0,0,0,1,0,0,1,0,8.5,1,0,6,,,
L. James,2014,4,2,MIA,29,4,3,1,4,2,0,0,0,0,0,0,2,2,100,0,0,0,1,0,0,1,0,6.5,1,0,4,,,
L. James,2014,4,1,MIA,29,3,2,1,1,0,0,0,0,0,0,0,0,0,0,0,0,0,0,0,0,0,0,0,0,0,2,,,
L. James,2014,4,0.5,MIA,29,1,0,1,0,0,0,0,0,0,0,0,0,0,0,0,0,0,0,0,0,0,0,0,0,0,-1,,,
L. James,2013,4,5,MIA,28,6,2,4,12,7,2,4,50,1,3,33.3,2,2,100,0,2,2,1,3,0,0,1,7.9,3,3,-3,,,
L. James,2013,4,4,MIA,28,6,2,4,10,4,1,3,33.3,0,2,0,2,2,100,0,1,1,1,3,0,0,1,3.7,3,3,-10,,,
L. James,2013,4,3,MIA,28,6,2,4,8,1,0,2,0,0,2,0,1,1,100,0,1,1,1,3,0,0,1,0.7,3,3,-14,,,
L. James,2013,4,2,MIA,28,6,2,4,6,1,0,1,0,0,1,0,1,1,100,0,0,0,0,3,0,0,1,-2,3,3,-14,,,
L. James,2013,4,1,MIA,28,5,2,3,3,1,0,1,0,0,1,0,1,1,100,0,0,0,0,3,0,0,1,-2,3,3,-7,,,
L. James,2013,4,0.5,MIA,28,4,2,2,1,0,0,1,0,0,1,0,0,0,0,0,0,0,0,1,0,0,1,-1,3,3,-2,,,
L. James,2012,4,5,MIA,27,6,2,4,18,15,3,10,30,3,6,50,6,10,60,2,4,6,2,0,3,0,0,34.2,3,0,6,,,
L. James,2012,4,4,MIA,27,6,2,4,15,14,3,10,30,3,6,50,5,8,62.5,2,3,5,2,0,1,0,0,26,3,0,2,,,
L. James,2012,4,3,MIA,27,6,2,4,12,12,3,8,37.5,3,5,60,3,6,50,2,2,4,2,0,1,0,0,22.8,3,0,2,,,
L. James,2012,4,2,MIA,27,5,1,4,8,8,2,7,28.6,2,4,50,2,4,50,2,2,4,0,0,0,0,0,12.8,2,0,-7,,,
L. James,2012,4,1,MIA,27,5,1,4,4,4,1,3,33.3,1,1,100,1,3,33.3,2,0,2,0,0,0,0,0,6.4,2,0,-11,,,
L. James,2012,4,0.5,MIA,27,5,1,4,2,1,0,2,0,0,0,0,1,1,100,1,0,1,0,0,0,0,0,2.2,2,0,-5,,,
L. James,2011,4,5,MIA,26,10,6,4,20,20,7,13,53.8,4,7,57.1,2,2,100,0,1,1,2,3,1,0,3,24.2,4,1,13,,,
L. James,2011,4,4,MIA,26,9,5,4,17,17,6,12,50,3,6,50,2,2,100,0,1,1,2,3,1,0,3,21.2,3,1,10,,,
L. James,2011,4,3,MIA,26,9,5,4,15,16,6,12,50,3,6,50,1,1,100,0,1,1,2,3,1,0,3,20.2,3,1,7,,,
L. James,2011,4,2,MIA,26,8,4,4,9,7,3,7,42.9,1,4,25,0,0,0,0,1,1,2,2,1,0,2,12.2,3,1,3,,,
L. James,2011,4,1,MIA,26,7,4,3,6,4,2,3,66.7,0,0,0,0,0,0,0,0,0,2,2,1,0,2,8,2,0,1,,,
L. James,2011,4,0.5,MIA,26,6,3,3,3,2,1,2,50,0,0,0,0,0,0,0,0,0,1,2,0,0,2,1.5,2,0,-4,,,
L. James,2010,4,5,,,,,,,,,,,,,,,,,,,,,,,,,,,,,,,
L. James,2010,4,4,,,,,,,,,,,,,,,,,,,,,,,,,,,,,,,
L. James,2010,4,3,,,,,,,,,,,,,,,,,,,,,,,,,,,,,,,
L. James,2010,4,2,,,,,,,,,,,,,,,,,,,,,,,,,,,,,,,
L. James,2010,4,1,,,,,,,,,,,,,,,,,,,,,,,,,,,,,,,
L. James,2010,4,0.5,,,,,,,,,,,,,,,,,,,,,,,,,,,,,,,
L. James,2009,4,5,CLE,24,3,1,2,9,15,5,6,83.3,1,1,100,4,6,66.7,0,2,2,2,3,1,0,1,20.4,1,0,8,,,
L. James,2009,4,4,CLE,24,3,1,2,6,15,5,6,83.3,1,1,100,4,6,66.7,0,2,2,1,3,0,0,1,15.9,1,0,8,,,
L. James,2009,4,3,CLE,24,3,1,2,5,11,3,4,75,1,1,100,4,6,66.7,0,2,2,1,3,0,0,1,11.9,1,0,6,,,
L. James,2009,4,2,CLE,24,3,1,2,3,11,3,3,100,1,1,100,4,6,66.7,0,1,1,1,1,0,0,0,12.7,1,0,9,,,
L. James,2009,4,1,CLE,24,3,1,2,2,7,2,2,100,1,1,100,2,2,100,0,0,0,1,1,0,0,0,7.5,1,0,8,,,
L. James,2009,4,0.5,CLE,24,3,1,2,1,7,2,2,100,1,1,100,2,2,100,0,0,0,0,0,0,0,0,7,1,0,5,,,
L. James,2008,4,5,CLE,23,5,2,3,14,8,2,11,18.2,0,2,0,4,5,80,1,4,5,3,1,1,0,1,20.5,2,0,3,,,
L. James,2008,4,4,CLE,23,5,2,3,11,8,2,9,22.2,0,1,0,4,5,80,1,4,5,3,1,1,0,0,20.5,2,0,4,,,
L. James,2008,4,3,CLE,23,5,2,3,9,7,2,8,25,0,1,0,3,3,100,0,3,3,3,1,1,0,0,17.1,2,0,5,,,
L. James,2008,4,2,CLE,23,5,2,3,4,2,1,7,14.3,0,1,0,0,0,0,0,1,1,2,0,0,0,0,6.2,2,0,-1,,,
L. James,2008,4,1,CLE,23,4,1,3,2,0,0,5,0,0,0,0,0,0,0,0,1,1,1,0,0,0,0,2.7,2,0,-3,,,
L. James,2008,4,0.5,CLE,23,4,1,3,1,0,0,3,0,0,0,0,0,0,0,0,0,0,1,0,0,0,0,1.5,2,0,-3,,,
L. James,2007,4,5,CLE,22,7,3,4,15,8,3,8,37.5,0,2,0,2,5,40,0,3,3,3,0,1,0,0,19.1,3,0,2,,,
L. James,2007,4,4,CLE,22,5,1,4,11,8,3,6,50,0,1,0,2,5,40,0,1,1,2,0,0,0,0,12.2,2,0,0,,,
L. James,2007,4,3,CLE,22,5,1,4,8,8,3,6,50,0,1,0,2,5,40,0,1,1,1,0,0,0,0,10.7,2,0,0,,,
L. James,2007,4,2,CLE,22,5,1,4,6,8,3,6,50,0,1,0,2,5,40,0,1,1,0,0,0,0,0,9.2,2,0,-6,,,
L. James,2007,4,1,CLE,22,5,1,4,3,6,3,5,60,0,1,0,0,0,0,0,0,0,0,0,0,0,0,6,2,0,-3,,,
L. James,2007,4,0.5,CLE,22,5,1,4,2,4,2,4,50,0,1,0,0,0,0,0,0,0,0,0,0,0,0,4,2,0,-5,,,
L. James,2006,4,5,CLE,21,8,6,2,15,19,5,10,50,0,1,0,9,12,75,0,4,4,3,1,0,1,1,30.3,2,1,3,,,
L. James,2006,4,4,CLE,21,8,6,2,12,15,3,7,42.9,0,1,0,9,12,75,0,4,4,2,1,0,1,1,24.8,2,1,3,,,
L. James,2006,4,3,CLE,21,7,5,2,9,12,3,6,50,0,0,0,6,9,66.7,0,4,4,1,1,0,1,1,20.3,1,0,3,,,
L. James,2006,4,2,CLE,21,7,5,2,6,9,2,5,40,0,0,0,5,7,71.4,0,4,4,1,0,0,1,1,18.3,1,0,9,,,
L. James,2006,4,1,CLE,21,6,4,2,4,5,2,3,66.7,0,0,0,1,2,50,0,3,3,1,0,0,1,1,13.1,1,0,9,,,
L. James,2006,4,0.5,CLE,21,6,4,2,2,3,1,2,50,0,0,0,1,2,50,0,3,3,1,0,0,1,1,11.1,1,0,3,,,
L. James,2015,OT1,5,CLE,30,3,2,1,6,3,1,6,16.7,1,1,100,0,0,0,0,2,2,2,0,0,0,1,8.4,2,2,6,,,
L. James,2015,OT1,4,CLE,30,3,2,1,3,3,1,3,33.3,1,1,100,0,0,0,0,2,2,2,0,0,0,0,8.4,2,2,8,,,
L. James,2015,OT1,3,CLE,30,3,2,1,1,3,1,3,33.3,1,1,100,0,0,0,0,1,1,0,0,0,0,0,4.2,2,2,2,,,
L. James,2015,OT1,2,CLE,30,2,2,0,1,3,1,3,33.3,1,1,100,0,0,0,0,0,0,0,0,0,0,0,3,2,2,4,,,
L. James,2015,OT1,1,CLE,30,2,2,0,1,3,1,3,33.3,1,1,100,0,0,0,0,0,0,0,0,0,0,0,3,2,2,4,,,
L. James,2015,OT1,0.5,CLE,30,1,1,0,0,0,0,1,0,0,0,0,0,0,0,0,0,0,0,0,0,0,0,0,1,1,1,,,
L. James,2013,OT1,5,MIA,28,2,2,0,8,6,3,5,60,0,1,0,0,0,0,1,3,4,3,1,0,0,1,14.3,2,2,4,,,
L. James,2013,OT1,4,MIA,28,2,2,0,7,6,3,4,75,0,0,0,0,0,0,1,3,4,3,1,0,0,1,14.3,2,2,6,,,
L. James,2013,OT1,3,MIA,28,2,2,0,5,6,3,3,100,0,0,0,0,0,0,1,3,4,2,0,0,0,1,13.8,2,2,8,,,
L. James,2013,OT1,2,MIA,28,2,2,0,2,6,3,3,100,0,0,0,0,0,0,1,1,2,0,0,0,0,0,8.4,2,2,8,,,
L. James,2013,OT1,1,MIA,28,1,1,0,1,4,2,2,100,0,0,0,0,0,0,0,0,0,0,0,0,0,0,4,1,1,6,,,
L. James,2013,OT1,0.5,MIA,28,1,1,0,0,4,2,2,100,0,0,0,0,0,0,0,0,0,0,0,0,0,0,4,1,1,3,,,
L. James,2012,OT1,5,MIA,27,2,1,1,6,2,1,3,33.3,0,0,0,0,2,0,1,1,2,2,1,0,0,2,6.4,1,0,4,,,
L. James,2012,OT1,4,MIA,27,2,1,1,4,2,1,2,50,0,0,0,0,0,0,1,1,2,2,1,0,0,2,6.4,1,0,6,,,
L. James,2012,OT1,3,MIA,27,2,1,1,2,2,1,2,50,0,0,0,0,0,0,1,0,1,1,1,0,0,2,3.7,1,0,4,,,
L. James,2012,OT1,2,MIA,27,2,1,1,1,2,1,1,100,0,0,0,0,0,0,1,0,1,1,1,0,0,1,3.7,1,0,4,,,
L. James,2012,OT1,1,,,,,,,,,,,,,,,,,,,,,,,,,,,,,,,
L. James,2012,OT1,0.5,,,,,,,,,,,,,,,,,,,,,,,,,,,,,,,
L. James,2011,OT1,5,MIA,26,2,2,0,2,2,1,1,100,0,0,0,0,0,0,0,0,0,0,0,0,0,0,2,1,0,3,,,
L. James,2011,OT1,4,,,,,,,,,,,,,,,,,,,,,,,,,,,,,,,
L. James,2011,OT1,3,,,,,,,,,,,,,,,,,,,,,,,,,,,,,,,
L. James,2011,OT1,2,,,,,,,,,,,,,,,,,,,,,,,,,,,,,,,
L. James,2011,OT1,1,,,,,,,,,,,,,,,,,,,,,,,,,,,,,,,
L. James,2011,OT1,0.5,,,,,,,,,,,,,,,,,,,,,,,,,,,,,,,
L. James,2009,OT1,5,CLE,24,1,0,1,3,4,1,2,50,1,2,50,1,1,100,0,0,0,0,2,0,0,1,2,1,0,-4,,,
L. James,2009,OT1,4,CLE,24,1,0,1,2,4,1,2,50,1,2,50,1,1,100,0,0,0,0,2,0,0,1,2,1,0,-5,,,
L. James,2009,OT1,3,CLE,24,1,0,1,1,1,0,1,0,0,1,0,1,1,100,0,0,0,0,1,0,0,1,0,1,0,-6,,,
L. James,2009,OT1,2,CLE,24,1,0,1,0,1,0,1,0,0,1,0,1,1,100,0,0,0,0,0,0,0,1,1,1,0,-3,,,
L. James,2009,OT1,1,CLE,24,1,0,1,0,1,0,1,0,0,1,0,1,1,100,0,0,0,0,0,0,0,1,1,1,0,-3,,,
L. James,2009,OT1,0.5,CLE,24,1,0,1,0,0,0,1,0,0,1,0,0,0,0,0,0,0,0,0,0,0,1,0,1,0,-4,,,
L. James,2007,OT1,5,CLE,22,1,1,0,4,5,1,2,50,0,0,0,3,4,75,0,0,0,0,0,0,0,1,5,0,0,2,,,
L. James,2007,OT1,4,CLE,22,1,1,0,3,4,1,2,50,0,0,0,2,3,66.7,0,0,0,0,0,0,0,1,4,0,0,1,,,
L. James,2007,OT1,3,CLE,22,1,1,0,2,2,0,1,0,0,0,0,2,3,66.7,0,0,0,0,0,0,0,0,2,0,0,2,,,
L. James,2007,OT1,2,CLE,22,1,1,0,1,1,0,0,0,0,0,0,1,1,100,0,0,0,0,0,0,0,0,1,0,0,1,,,
L. James,2007,OT1,1,,,,,,,,,,,,,,,,,,,,,,,,,,,,,,,
L. James,2007,OT1,0.5,,,,,,,,,,,,,,,,,,,,,,,,,,,,,,,
L. James,2007,OT2,5,CLE,22,1,1,0,4,9,4,4,100,1,1,100,0,0,0,0,0,0,0,0,1,0,0,12,0,0,4,,,
L. James,2007,OT2,4,CLE,22,1,1,0,4,7,3,3,100,1,1,100,0,0,0,0,0,0,0,0,1,0,0,10,0,0,2,,,
L. James,2007,OT2,3,CLE,22,1,1,0,3,7,3,3,100,1,1,100,0,0,0,0,0,0,0,0,1,0,0,10,0,0,2,,,
L. James,2007,OT2,2,CLE,22,1,1,0,2,7,3,3,100,1,1,100,0,0,0,0,0,0,0,0,0,0,0,7,0,0,4,,,
L. James,2007,OT2,1,CLE,22,1,1,0,1,2,1,1,100,0,0,0,0,0,0,0,0,0,0,0,0,0,0,2,0,0,2,,,
L. James,2007,OT2,0.5,CLE,22,1,1,0,0,2,1,1,100,0,0,0,0,0,0,0,0,0,0,0,0,0,0,2,0,0,2,,,
L. James,2006,OT1,5,CLE,21,2,2,0,2,8,3,3,100,0,0,0,2,2,100,0,0,0,1,0,0,0,1,9.5,0,0,12,,,
L. James,2006,OT1,4,CLE,21,2,2,0,1,4,1,1,100,0,0,0,2,2,100,0,0,0,1,0,0,0,1,5.5,0,0,5,,,
L. James,2006,OT1,3,CLE,21,2,2,0,1,4,1,1,100,0,0,0,2,2,100,0,0,0,1,0,0,0,1,5.5,0,0,5,,,
L. James,2006,OT1,2,CLE,21,2,2,0,1,4,1,1,100,0,0,0,2,2,100,0,0,0,1,0,0,0,0,5.5,0,0,6,,,
L. James,2006,OT1,1,CLE,21,2,2,0,1,4,1,1,100,0,0,0,2,2,100,0,0,0,0,0,0,0,0,4,0,0,4,,,
L. James,2006,OT1,0.5,CLE,21,2,2,0,1,4,1,1,100,0,0,0,2,2,100,0,0,0,0,0,0,0,0,4,0,0,5,,,
Bums,2000,4,5,,,,,,,,327,852,0.38,,,,,,,,,,,,,,,,,,,,,
Bums,2000,4,4,,,,,,,,281,703,0.40,,,,,,,,,,,,,,,,,,,,,
Bums,2000,4,3,,,,,,,,232,538,0.43,,,,,,,,,,,,,,,,,,,,,
Bums,2000,4,2,,,,,,,,163,394,0.41,,,,,,,,,,,,,,,,,,,,,
Bums,2000,4,1,,,,,,,,107,237,0.45,,,,,,,,,,,,,,,,,,,,,
Bums,2000,4,0.5,,,,,,,,67,156,0.43,,,,,,,,,,,,,,,,,,,,,
K. Bryant,1997,4,5,LAL,18,1,0,1,2,0,0,1,0,0,0,0,0,0,0,0,0,0,0,0,0,0,0,0,0,0,8,,,
K. Bryant,1997,4,4,LAL,18,1,0,1,1,0,0,1,0,0,0,0,0,0,0,0,0,0,0,0,0,0,0,0,0,0,4,,,
K. Bryant,1997,4,3,LAL,18,1,0,1,1,0,0,1,0,0,0,0,0,0,0,0,0,0,0,0,0,0,0,0,0,0,2,,,
K. Bryant,1997,4,2,LAL,18,1,0,1,1,0,0,1,0,0,0,0,0,0,0,0,0,0,0,0,0,0,0,0,0,0,2,,,
K. Bryant,1997,4,1,LAL,18,1,0,1,1,0,0,1,0,0,0,0,0,0,0,0,0,0,0,0,0,0,0,0,0,0,2,,,
K. Bryant,1997,4,0.5,LAL,18,1,0,1,1,0,0,1,0,0,0,0,0,0,0,0,0,0,0,0,0,0,0,0,0,0,0,,,
K. Bryant,1998,4,5,LAL,19,3,0,3,1,1,0,0,0,0,0,0,1,1,100,0,0,0,0,0,0,0,1,1,0,0,-6,,,
K. Bryant,1998,4,4,LAL,19,3,0,3,1,1,0,0,0,0,0,0,1,1,100,0,0,0,0,0,0,0,1,1,0,0,-6,,,
K. Bryant,1998,4,3,LAL,19,3,0,3,1,1,0,0,0,0,0,0,1,1,100,0,0,0,0,0,0,0,1,1,0,0,-6,,,
K. Bryant,1998,4,2,NA,,,,,,,,,,,,,,,,,,,,,,,,,,,,,,
K. Bryant,1998,4,1,NA,,,,,,,,,,,,,,,,,,,,,,,,,,,,,,
K. Bryant,1998,4,0.5,NA,,,,,,,,,,,,,,,,,,,,,,,,,,,,,,
K. Bryant,1999,4,5,LAL,20,3,1,2,12,9,2,6,33.3,1,2,50,4,4,100,0,3,3,0,1,0,0,0,11.6,0,0,7,,,
K. Bryant,1999,4,4,LAL,20,3,1,2,9,7,1,5,20,1,2,50,4,4,100,0,3,3,0,1,0,0,0,9.6,0,0,6,,,
K. Bryant,1999,4,3,LAL,20,3,1,2,7,7,1,4,25,1,2,50,4,4,100,0,1,1,0,1,0,0,0,7.2,0,0,5,,,
K. Bryant,1999,4,2,LAL,20,3,1,2,4,7,1,3,33.3,1,2,50,4,4,100,0,0,0,0,1,0,0,0,6,0,0,7,,,
K. Bryant,1999,4,1,LAL,20,2,1,1,1,5,1,3,33.3,1,2,50,2,2,100,0,0,0,0,1,0,0,0,4,0,0,4,,,
K. Bryant,1999,4,0.5,LAL,20,2,1,1,1,2,0,1,0,0,1,0,2,2,100,0,0,0,0,1,0,0,0,1,0,0,1,,,
K. Bryant,2000,4,5,LAL,21,6,6,0,9,6,2,5,40,0,1,0,2,3,66.7,0,0,0,2,1,0,0,0,8,2,0,23,,,
K. Bryant,2000,4,4,LAL,21,5,5,0,7,6,2,4,50,0,0,0,2,3,66.7,0,0,0,2,1,0,0,0,8,1,0,13,,,
K. Bryant,2000,4,3,LAL,21,5,5,0,6,6,2,3,66.7,0,0,0,2,3,66.7,0,0,0,2,1,0,0,0,8,1,0,11,,,
K. Bryant,2000,4,2,LAL,21,4,4,0,3,6,2,2,100,0,0,0,2,3,66.7,0,0,0,1,1,0,0,0,6.5,1,0,6,,,
K. Bryant,2000,4,1,LAL,21,3,3,0,2,3,1,1,100,0,0,0,1,2,50,0,0,0,1,1,0,0,0,3.5,0,0,3,,,
K. Bryant,2000,4,0.5,LAL,21,3,3,0,2,2,1,1,100,0,0,0,0,0,0,0,0,0,1,0,0,0,0,3.5,0,0,4,,,
K. Bryant,2001,4,5,LAL,22,1,0,1,5,2,1,3,33.3,0,0,0,0,0,0,0,0,0,1,1,0,0,1,2.5,0,0,4,,,
K. Bryant,2001,4,4,LAL,22,1,0,1,4,2,1,3,33.3,0,0,0,0,0,0,0,0,0,1,1,0,0,0,2.5,0,0,4,,,
K. Bryant,2001,4,3,LAL,22,1,0,1,3,0,0,2,0,0,0,0,0,0,0,0,0,0,1,1,0,0,0,0.5,0,0,2,,,
K. Bryant,2001,4,2,LAL,22,1,0,1,2,0,0,1,0,0,0,0,0,0,0,0,0,0,1,1,0,0,0,0.5,0,0,2,,,
K. Bryant,2001,4,1,NA,,,,,,,,,,,,,,,,,,,,,,,,,,,,,,
K. Bryant,2001,4,0.5,NA,,,,,,,,,,,,,,,,,,,,,,,,,,,,,,
K. Bryant,2002,4,5,LAL,23,10,7,3,18,16,5,14,35.7,1,3,33.3,5,5,100,2,0,2,4,2,0,0,4,22.4,2,0,26,,,
K. Bryant,2002,4,4,LAL,23,10,7,3,15,16,5,13,38.5,1,2,50,5,5,100,2,0,2,2,1,0,0,3,20.4,2,0,21,,,
K. Bryant,2002,4,3,LAL,23,9,6,3,12,16,5,11,45.5,1,2,50,5,5,100,2,0,2,1,1,0,0,3,18.9,2,0,17,,,
K. Bryant,2002,4,2,LAL,23,8,5,3,9,7,1,6,16.7,0,1,0,5,5,100,2,0,2,1,1,0,0,2,9.9,2,0,8,,,
K. Bryant,2002,4,1,LAL,23,7,4,3,5,5,1,6,16.7,0,1,0,3,3,100,2,0,2,1,1,0,0,2,7.9,1,0,7,,,
K. Bryant,2002,4,0.5,LAL,23,7,4,3,3,4,1,4,25,0,0,0,2,2,100,2,0,2,1,1,0,0,2,6.9,1,0,8,,,
K. Bryant,2003,4,5,LAL,24,5,2,3,6,3,0,2,0,0,1,0,3,5,60,0,0,0,1,1,0,0,0,3.5,0,0,6,,,
K. Bryant,2003,4,4,LAL,24,4,1,3,4,3,0,2,0,0,1,0,3,5,60,0,0,0,0,1,0,0,0,2,0,0,1,,,
K. Bryant,2003,4,3,LAL,24,4,1,3,3,3,0,1,0,0,1,0,3,5,60,0,0,0,0,1,0,0,0,2,0,0,0,,,
K. Bryant,2003,4,2,LAL,24,4,1,3,2,3,0,1,0,0,1,0,3,5,60,0,0,0,0,1,0,0,0,2,0,0,2,,,
K. Bryant,2003,4,1,LAL,24,4,1,3,2,3,0,1,0,0,1,0,3,5,60,0,0,0,0,1,0,0,0,2,0,0,0,,,
K. Bryant,2003,4,0.5,LAL,24,3,0,3,1,2,0,1,0,0,1,0,2,3,66.7,0,0,0,0,0,0,0,0,2,0,0,0,,,
K. Bryant,2004,4,5,LAL,25,5,4,1,9,7,3,11,27.3,1,4,25,0,0,0,0,0,0,0,1,0,0,0,6,0,0,3,,,
K. Bryant,2004,4,4,LAL,25,5,4,1,8,7,3,10,30,1,4,25,0,0,0,0,0,0,0,1,0,0,0,6,0,0,1,,,
K. Bryant,2004,4,3,LAL,25,5,4,1,8,7,3,9,33.3,1,4,25,0,0,0,0,0,0,0,1,0,0,0,6,0,0,5,,,
K. Bryant,2004,4,2,LAL,25,5,4,1,6,5,2,8,25,1,4,25,0,0,0,0,0,0,0,0,0,0,0,5,0,0,9,,,
K. Bryant,2004,4,1,LAL,25,5,4,1,3,5,2,6,33.3,1,3,33.3,0,0,0,0,0,0,0,0,0,0,0,5,0,0,9,,,
K. Bryant,2004,4,0.5,LAL,25,5,4,1,2,5,2,5,40,1,2,50,0,0,0,0,0,0,0,0,0,0,0,5,0,0,9,,,
K. Bryant,2006,4,5,LAL,27,3,1,2,7,5,2,4,50,1,1,100,0,0,0,0,2,2,0,0,1,0,0,10.4,0,0,-3,,,
K. Bryant,2006,4,4,LAL,27,3,1,2,6,5,2,4,50,1,1,100,0,0,0,0,1,1,0,0,0,0,0,6.2,0,0,-5,,,
K. Bryant,2006,4,3,LAL,27,3,1,2,4,5,2,4,50,1,1,100,0,0,0,0,1,1,0,0,0,0,0,6.2,0,0,-7,,,
K. Bryant,2006,4,2,LAL,27,3,1,2,2,5,2,3,66.7,1,1,100,0,0,0,0,1,1,0,0,0,0,0,6.2,0,0,-4,,,
K. Bryant,2006,4,1,LAL,27,3,1,2,1,2,1,2,50,0,0,0,0,0,0,0,0,0,0,0,0,0,0,2,0,0,-2,,,
K. Bryant,2006,4,0.5,LAL,27,3,1,2,0,2,1,2,50,0,0,0,0,0,0,0,0,0,0,0,0,0,0,2,0,0,1,,,
K. Bryant,2008,4,5,LAL,29,7,3,4,8,10,3,4,75,1,1,100,3,3,100,0,0,0,1,0,0,0,1,11.5,2,0,0,,,
K. Bryant,2008,4,4,LAL,29,6,2,4,7,7,2,3,66.7,0,0,0,3,3,100,0,0,0,1,0,0,0,1,8.5,2,0,-6,,,
K. Bryant,2008,4,3,LAL,29,4,1,3,5,5,1,2,50,0,0,0,3,3,100,0,0,0,1,0,0,0,1,6.5,2,0,-5,,,
K. Bryant,2008,4,2,LAL,29,4,1,3,3,4,1,2,50,0,0,0,2,2,100,0,0,0,1,0,0,0,1,5.5,2,0,-4,,,
K. Bryant,2008,4,1,LAL,29,4,1,3,2,3,1,2,50,0,0,0,1,1,100,0,0,0,1,0,0,0,1,4.5,2,0,1,,,
K. Bryant,2008,4,0.5,LAL,29,4,1,3,2,2,1,2,50,0,0,0,0,0,0,0,0,0,0,0,0,0,0,2,2,0,0,,,
K. Bryant,2009,4,5,LAL,30,7,4,3,26,19,6,15,40,2,4,50,5,7,71.4,0,2,2,4,1,0,0,5,26.4,0,0,-1,,,
K. Bryant,2009,4,4,LAL,30,7,4,3,22,19,6,13,46.2,2,4,50,5,7,71.4,0,2,2,4,1,0,0,4,26.4,0,0,5,,,
K. Bryant,2009,4,3,LAL,30,7,4,3,16,14,5,11,45.5,2,4,50,2,3,66.7,0,1,1,4,0,0,0,3,21.2,0,0,0,,,
K. Bryant,2009,4,2,LAL,30,7,4,3,12,14,5,9,55.6,2,3,66.7,2,3,66.7,0,0,0,3,0,0,0,3,18.5,0,0,0,,,
K. Bryant,2009,4,1,LAL,30,6,3,3,5,6,2,5,40,0,1,0,2,3,66.7,0,0,0,1,0,0,0,3,7.5,0,0,-3,,,
K. Bryant,2009,4,0.5,LAL,30,5,2,3,2,2,1,3,33.3,0,1,0,0,0,0,0,0,0,1,0,0,0,3,3.5,0,0,-5,,,
K. Bryant,2010,4,5,LAL,31,7,5,2,12,15,5,13,38.5,1,4,25,4,4,100,0,1,1,1,0,0,0,1,17.7,1,0,6,,,
K. Bryant,2010,4,4,LAL,31,7,5,2,10,15,5,11,45.5,1,3,33.3,4,4,100,0,1,1,1,0,0,0,0,17.7,1,0,7,,,
K. Bryant,2010,4,3,LAL,31,6,4,2,7,11,4,8,50,1,3,33.3,2,2,100,0,1,1,1,0,0,0,0,13.7,1,0,6,,,
K. Bryant,2010,4,2,LAL,31,5,3,2,4,5,2,5,40,1,2,50,0,0,0,0,1,1,1,0,0,0,0,7.7,1,0,2,,,
K. Bryant,2010,4,1,LAL,31,4,3,1,2,3,1,3,33.3,1,2,50,0,0,0,0,1,1,1,0,0,0,0,5.7,1,0,4,,,
K. Bryant,2010,4,0.5,LAL,31,4,3,1,1,0,0,2,0,0,1,0,0,0,0,0,1,1,1,0,0,0,0,2.7,1,0,5,,,
K. Bryant,2011,4,5,LAL,32,4,0,4,6,0,0,3,0,0,2,0,0,0,0,0,0,0,0,0,0,0,1,0,0,0,-11,,,
K. Bryant,2011,4,4,LAL,32,3,0,3,5,0,0,3,0,0,2,0,0,0,0,0,0,0,0,0,0,0,1,0,0,0,-9,,,
K. Bryant,2011,4,3,LAL,32,3,0,3,4,0,0,2,0,0,2,0,0,0,0,0,0,0,0,0,0,0,1,0,0,0,-8,,,
K. Bryant,2011,4,2,LAL,32,3,0,3,3,0,0,1,0,0,1,0,0,0,0,0,0,0,0,0,0,0,1,0,0,0,-8,,,
K. Bryant,2011,4,1,LAL,32,3,0,3,1,0,0,1,0,0,1,0,0,0,0,0,0,0,0,0,0,0,0,0,0,0,-7,,,
K. Bryant,2011,4,0.5,LAL,32,3,0,3,1,0,0,1,0,0,1,0,0,0,0,0,0,0,0,0,0,0,0,0,0,0,-8,,,
K. Bryant,2012,4,5,LAL,33,5,2,3,8,10,1,8,12.5,0,4,0,8,8,100,0,1,1,1,1,0,0,1,11.7,0,0,-4,,,
K. Bryant,2012,4,4,LAL,33,5,2,3,7,10,1,8,12.5,0,4,0,8,8,100,0,1,1,1,1,0,0,1,11.7,0,0,-2,,,
K. Bryant,2012,4,3,LAL,33,5,2,3,6,8,1,8,12.5,0,4,0,6,6,100,0,1,1,0,1,0,0,1,8.2,0,0,-4,,,
K. Bryant,2012,4,2,LAL,33,5,2,3,5,8,1,8,12.5,0,4,0,6,6,100,0,1,1,0,0,0,0,1,9.2,0,0,-2,,,
K. Bryant,2012,4,1,LAL,33,5,2,3,3,2,0,6,0,0,3,0,2,2,100,0,1,1,0,0,0,0,1,3.2,0,0,-4,,,
K. Bryant,2012,4,0.5,LAL,33,3,0,3,1,0,0,4,0,0,3,0,0,0,0,0,0,0,0,0,0,0,1,0,0,0,-9,,,
K. Bryant,1997,4,5,LAL,18,1,0,1,4,2,1,4,25,0,3,0,0,0,0,0,1,1,0,0,0,0,0,3.2,0,0,-5,,,
K. Bryant,1997,4,4,LAL,18,1,0,1,3,2,1,3,33.3,0,2,0,0,0,0,0,1,1,0,0,0,0,0,3.2,0,0,-,,,
K. Bryant,1997,4,3,LAL,18,1,0,1,2,2,1,3,33.3,0,2,0,0,0,0,0,1,1,0,0,0,0,0,3.2,0,0,-1,,,
K. Bryant,1997,4,2,LAL,18,1,0,1,2,2,1,3,33.3,0,2,0,0,0,0,0,1,1,0,0,0,0,0,3.2,0,0,-2,,,
K. Bryant,1997,4,1,LAL,18,1,0,1,1,0,0,2,0,0,2,0,0,0,0,0,1,1,0,0,0,0,0,1.2,0,0,-1,,,
K. Bryant,1997,4,0.5,LAL,18,1,0,1,1,0,0,1,0,0,1,0,0,0,0,0,1,1,0,0,0,0,0,1.2,0,0,-1,,,
K. Bryant,2001,4,5,LAL,22,1,0,1,2,0,0,1,0,0,0,0,0,0,0,0,0,0,0,0,0,0,0,0,0,0,-2,,,
K. Bryant,2001,4,4,NA,,,,,,,,,,,,,,,,,,,,,,,,,,,,,,
K. Bryant,2001,4,3,NA,,,,,,,,,,,,,,,,,,,,,,,,,,,,,,
K. Bryant,2001,4,2,NA,,,,,,,,,,,,,,,,,,,,,,,,,,,,,,
K. Bryant,2001,4,1,NA,,,,,,,,,,,,,,,,,,,,,,,,,,,,,,
K. Bryant,2001,4,0.5,NA,,,,,,,,,,,,,,,,,,,,,,,,,,,,,,
K. Bryant,2003,4,5,LAL,24,1,0,1,4,1,0,2,0,0,1,0,1,1,100,0,2,2,0,0,0,0,0,3.4,0,0,-3,,,
K. Bryant,2003,4,4,LAL,24,1,0,1,3,1,0,2,0,0,1,0,1,1,100,0,2,2,0,0,0,0,0,3.4,0,0,-3,,,
K. Bryant,2003,4,3,LAL,24,1,0,1,2,1,0,2,0,0,1,0,1,1,100,0,2,2,0,0,0,0,0,3.4,0,0,0,,,
K. Bryant,2003,4,2,LAL,24,1,0,1,1,1,0,2,0,0,1,0,1,1,100,0,2,2,0,0,0,0,0,3.4,0,0,-2,,,
K. Bryant,2003,4,1,LAL,24,1,0,1,1,0,0,2,0,0,1,0,0,0,0,0,2,2,0,0,0,0,0,2.4,0,0,-2,,,
K. Bryant,2003,4,0.5,LAL,24,1,0,1,0,0,0,2,0,0,1,0,0,0,0,0,1,1,0,0,0,0,0,1.2,0,0,-4,,,
K. Bryant,2004,4,5,LAL,25,2,2,0,3,5,2,3,66.7,0,0,0,1,2,50,0,0,0,1,0,1,0,0,9.5,0,0,5,,,
K. Bryant,2004,4,4,LAL,25,1,1,0,2,5,2,2,100,0,0,0,1,2,50,0,0,0,0,0,1,0,0,8,0,0,2,,,
K. Bryant,2004,4,3,LAL,25,1,1,0,1,4,2,2,100,0,0,0,0,0,0,0,0,0,0,0,1,0,0,7,0,0,3,,,
K. Bryant,2004,4,2,LAL,25,1,1,0,1,4,2,2,100,0,0,0,0,0,0,0,0,0,0,0,1,0,0,7,0,0,5,,,
K. Bryant,2004,4,1,LAL,25,1,1,0,0,2,1,1,100,0,0,0,0,0,0,0,0,0,0,0,0,0,0,2,0,0,2,,,
K. Bryant,2004,4,0.5,NA,,,,,,,,,,,,,,,,,,,,,,,,,,,,,,
K. Bryant,2006,4,5,LAL,27,2,1,1,7,10,4,4,100,0,0,0,2,2,100,0,0,0,0,0,0,0,0,10,0,0,1,,,
K. Bryant,2006,4,4,LAL,27,2,1,1,6,8,3,3,100,0,0,0,2,2,100,0,0,0,0,0,0,0,0,8,0,0,-1,,,
K. Bryant,2006,4,3,LAL,27,2,1,1,4,4,2,2,100,0,0,0,0,0,0,0,0,0,0,0,0,0,0,4,0,0,0,,,
K. Bryant,2006,4,2,LAL,27,1,1,0,2,4,2,2,100,0,0,0,0,0,0,0,0,0,0,0,0,0,0,4,0,0,2,,,
K. Bryant,2006,4,1,LAL,27,1,1,0,1,4,2,2,100,0,0,0,0,0,0,0,0,0,0,0,0,0,0,4,0,0,1,,,
K. Bryant,2006,4,0.5,LAL,27,1,1,0,1,4,2,2,100,0,0,0,0,0,0,0,0,0,0,0,0,0,0,4,0,0,4,,,
K. Bryant,2007,4,5,LAL,29,1,0,1,3,0,0,2,0,0,0,0,0,0,0,0,0,0,0,0,0,0,0,0,1,0,-6,,,
K. Bryant,2007,4,4,LAL,29,1,0,1,3,0,0,1,0,0,0,0,0,0,0,0,0,0,0,0,0,0,0,0,1,0,-6,,,
K. Bryant,2007,4,3,NA,,,,,,,,,,,,,,,,,,,,,,,,,,,,,,
K. Bryant,2007,4,2,NA,,,,,,,,,,,,,,,,,,,,,,,,,,,,,,
K. Bryant,2007,4,1,NA,,,,,,,,,,,,,,,,,,,,,,,,,,,,,,
K. Bryant,2007,4,0.5,NA,,,,,,,,,,,,,,,,,,,,,,,,,,,,,,
K. Bryant,2009,4,5,LAL,30,2,2,0,5,6,3,5,60,0,0,0,0,0,0,0,0,0,1,0,0,0,1,7.5,0,0,6,,,
K. Bryant,2009,4,4,LAL,30,2,2,0,3,4,2,3,66.7,0,0,0,0,0,0,0,0,0,1,0,0,0,1,5.5,0,0,7,,,
K. Bryant,2009,4,3,LAL,30,2,2,0,2,2,1,2,50,0,0,0,0,0,0,0,0,0,1,0,0,0,0,3.5,0,0,5,,,
K. Bryant,2009,4,2,LAL,30,1,1,0,1,0,0,1,0,0,0,0,0,0,0,0,0,0,1,0,0,0,0,1.5,0,0,3,,,
K. Bryant,2009,4,1,LAL,30,1,1,0,0,0,0,1,0,0,0,0,0,0,0,0,0,0,1,0,0,0,0,1.5,0,0,3,,,
K. Bryant,2009,4,0.5,NA,,,,,,,,,,,,,,,,,,,,,,,,,,,,,,
